Order Date,Product Name,Expiry Date,Quantity,Unit Price,Channel,Payment Method,Price Before Discount,Discount,Price After Discount
2023-04-18,Wine - White Pinot Grigio,2023-06-10,6,122.47,Store,Visa,734.82,0.05,698.08
2023-04-09,Pepper - Red Thai,2023-05-22,5,23.18,Store,Cash,115.9,0.0,115.9
2023-05-09,Wine - Chardonnay Mondavi,2023-08-04,7,189.74,Store,Cash,1328.18,0.05,1261.77
2023-04-09,External Supplier,2023-05-23,14,9.92,App,Visa,138.88,0.11,123.6
2023-03-27,Beans - Black Bean Preserved,2023-05-28,13,145.85,Store,Cash,1896.05,0.07,1763.33
2023-04-27,Beef - Inside Round,2023-07-18,9,247.62,Store,Visa,2228.58,0.05,2117.15
2023-05-02,Bread - Calabrese Baguette,2023-05-28,1,111.21,Store,Visa,111.21,0.05,105.65
2023-03-17,Zucchini - Mini Green,2023-05-05,15,146.75,Store,Visa,2201.25,0.05,2091.19
2023-03-22,Eggs - Extra Large,2023-04-08,16,48.05,App,Visa,768.8,0.17,638.1
2023-05-11,Pork - Liver,2023-07-20,17,191.13,Store,Visa,3249.21,0.08,2989.27
2023-04-04,Sesame Seed,2023-06-08,4,62.69,Store,Cash,250.76,0.0,250.76
2023-04-14,Tuna - Yellowfin,2023-05-23,9,183.3,Store,Cash,1649.7,0.05,1567.22
2023-04-23,Wine - Magnotta - Belpaese,2023-05-12,9,101.36,Store,Cash,912.24,0.08,839.26
2023-04-26,Bar Bran Honey Nut,2023-07-20,15,13.21,Store,Cash,198.15,0.0,198.15
2023-04-23,Cake - French Pear Tart,2023-07-11,12,215.63,Store,Cash,2587.56,0.07,2406.43
2023-04-24,Carbonated Water - Wildberry,2023-07-19,2,19.31,Store,Cash,38.62,0.0,38.62
2023-04-06,Pork - Ham Virginia,2023-06-18,14,208.26,Store,Cash,2915.64,0.07,2711.55
2023-04-30,Wine - Prosecco Valdobienne,2023-06-01,15,221.11,Store,Visa,3316.65,0.05,3150.82
2023-04-23,Lettuce - Boston Bib - Organic,2023-06-13,6,96.43,Store,Visa,578.58,0.05,549.65
2023-04-05,Wine - Marlbourough Sauv Blanc,2023-04-10,4,233.83,App,Visa,935.32,0.15,795.02
2023-04-13,Longos - Chicken Cordon Bleu,2023-05-28,16,193.04,Store,Cash,3088.64,0.1,2779.78
2023-04-19,Beef Striploin Aaa,2023-06-06,9,81.77,Store,Cash,735.93,0.05,699.13
2023-04-29,Sauce - Oyster,2023-05-15,2,69.06,App,Visa,138.12,0.1,124.31
2023-04-03,Barley - Pearl,2023-05-29,3,94.98,App,Visa,284.94,0.05,270.69
2023-05-09,Cheese Cloth No 60,2023-06-20,16,49.41,App,Visa,790.56,0.15,671.98
2023-03-25,Cut Wakame - Hanawakaba,2023-06-17,16,190.34,Store,Cash,3045.44,0.1,2740.9
2023-05-12,Kolrabi,2023-05-20,14,29.13,App,Visa,407.82,0.19,330.33
2023-05-03,Coffee - Espresso,2023-05-31,12,61.91,App,Visa,742.92,0.11,661.2
2023-04-29,Beef - Kindney Whole,2023-04-30,14,7.41,Store,Visa,103.74,0.18,85.07
2023-05-10,Honey - Comb,2023-07-03,3,97.54,Store,Visa,292.62,0.05,277.99
2023-04-19,Soup Campbells Turkey Veg.,2023-04-24,1,1.86,Store,Cash,1.86,0.25,1.4
2023-04-15,Syrup - Monin - Blue Curacao,2023-04-19,9,62.85,Store,Visa,565.65,0.16,475.15
2023-04-21,Coffee Beans - Chocolate,2023-07-15,15,29.33,Store,Cash,439.95,0.0,439.95
2023-04-13,Wine - Vidal Icewine Magnotta,2023-05-29,17,220.37,App,Visa,3746.29,0.15,3184.35
2023-03-29,Island Oasis - Peach Daiquiri,2023-06-18,16,128.13,Store,Visa,2050.08,0.08,1886.07
2023-04-04,Lychee,2023-07-01,4,16.08,Store,Cash,64.32,0.0,64.32
2023-03-17,Contreau,2023-04-16,11,222.63,App,Visa,2448.93,0.11,2179.55
2023-04-08,Cheese - Taleggio D.o.p.,2023-04-27,1,205.18,Store,Visa,205.18,0.11,182.61
2023-03-30,Persimmons,2023-05-01,14,80.81,Store,Cash,1131.34,0.07,1052.15
2023-03-29,Towels - Paper / Kraft,2023-05-02,7,17.24,Store,Cash,120.68,0.05,114.65
2023-03-27,Pastry - Cheese Baked Scones,2023-06-08,11,232.08,App,Visa,2552.88,0.13,2221.01
2023-04-07,Honey - Liquid,2023-07-01,16,103.96,Store,Cash,1663.36,0.1,1497.02
2023-04-09,Veal - Bones,2023-06-30,14,48.36,App,Visa,677.04,0.11,602.57
2023-04-08,Beets,2023-04-15,16,108.46,Store,Cash,1735.36,0.17,1440.35
2023-04-25,Wine - Saint Emilion Calvet,2023-06-05,5,31.56,App,Visa,157.8,0.05,149.91
2023-04-13,Coffee - Ristretto Coffee Capsule,2023-06-23,12,234.0,Store,Visa,2808.0,0.06,2639.52
2023-03-21,Beef - Tenderlion Center Cut,2023-04-08,7,245.12,Store,Visa,1715.84,0.08,1578.57
2023-04-12,Pails With Lids,2023-07-08,5,156.56,App,Visa,782.8,0.05,743.66
2023-04-22,Wine - Cousino Macul Antiguas,2023-05-26,1,78.82,Store,Visa,78.82,0.05,74.88
2023-03-25,Puree - Mango,2023-06-20,7,236.95,Store,Cash,1658.65,0.05,1575.72
2023-04-15,Soup - Campbells Chili,2023-06-13,3,167.22,Store,Cash,501.66,0.0,501.66
2023-04-02,Table Cloth 91x91 Colour,2023-05-11,1,132.54,App,Visa,132.54,0.05,125.91
2023-05-01,Apron,2023-07-17,6,139.54,Store,Cash,837.24,0.05,795.38
2023-04-17,Chocolate - Mi - Amere Semi,2023-07-04,6,227.37,App,Visa,1364.22,0.08,1255.08
2023-04-05,Tomatoes - Plum Canned,2023-05-31,10,68.25,Store,Cash,682.5,0.07,634.72
2023-04-14,Oysters - Smoked,2023-07-08,15,66.86,App,Visa,1002.9,0.1,902.61
2023-04-19,Pork - Chop Frenched,2023-05-07,2,154.51,Store,Cash,309.02,0.12,271.94
2023-05-10,Pastry - Baked Cinnamon Stick,2023-05-16,12,64.08,App,Visa,768.96,0.2,615.17
2023-04-03,Bread Foccacia Whole,2023-04-18,1,198.9,App,Visa,198.9,0.1,179.01
2023-04-07,Tuna - Loin,2023-06-16,7,26.01,App,Visa,182.07,0.08,167.5
2023-04-02,Corn Syrup,2023-04-27,8,124.55,App,Visa,996.4,0.08,916.69
2023-05-05,Wine - Bouchard La Vignee Pinot,2023-05-06,5,202.72,App,Visa,1013.6,0.17,841.29
2023-04-20,Lamb - Pieces Diced,2023-06-12,5,85.41,Store,Cash,427.05,0.0,427.05
2023-04-08,Cocoa Butter,2023-04-10,3,149.72,App,Visa,449.16,0.17,372.8
2023-03-30,Juice - Apple 284ml,2023-05-12,2,24.63,Store,Cash,49.26,0.0,49.26
2023-04-03,Tomato - Plum With Basil,2023-06-25,3,71.15,Store,Cash,213.45,0.0,213.45
2023-04-18,Wine - Magnotta White,2023-06-12,4,136.58,Store,Cash,546.32,0.05,519.0
2023-04-01,Veal - Knuckle,2023-05-10,10,186.71,Store,Cash,1867.1,0.07,1736.4
2023-04-12,Sugar - Brown,2023-04-28,13,218.79,App,Visa,2844.27,0.15,2417.63
2023-04-03,Mix - Cocktail Ice Cream,2023-05-29,15,94.51,Store,Cash,1417.65,0.0,1417.65
2023-04-11,Bread Base - Gold Formel,2023-04-17,6,83.09,App,Visa,498.54,0.17,413.79
2023-04-25,Salmon - Whole 4 - 6 Pounds,2023-06-09,9,188.02,Store,Cash,1692.18,0.05,1607.57
2023-04-27,Lettuce - Radicchio,2023-06-26,12,227.89,Store,Cash,2734.68,0.07,2543.25
2023-03-21,Wood Chips - Regular,2023-06-06,17,191.65,App,Visa,3258.05,0.15,2769.34
2023-04-04,Pails With Lids,2023-06-01,1,88.1,App,Visa,88.1,0.05,83.7
2023-04-29,Strawberries,2023-05-28,2,148.88,App,Visa,297.76,0.05,282.87
2023-05-01,Bread - Pita,2023-05-10,2,130.58,Store,Cash,261.16,0.21,206.32
2023-04-12,Hand Towel,2023-05-01,12,219.89,Store,Cash,2638.68,0.09,2401.2
2023-04-12,Ice Cream - Chocolate,2023-05-30,6,175.97,App,Visa,1055.82,0.08,971.35
2023-04-16,Lid - 16 Oz And 32 Oz,2023-04-17,10,105.73,Store,Cash,1057.3,0.18,866.99
2023-03-17,Mayonnaise,2023-03-22,12,100.57,Store,Cash,1206.84,0.16,1013.75
2023-04-06,Tarts Assorted,2023-06-26,3,172.63,Store,Visa,517.89,0.05,492.0
2023-05-04,Butter - Salted,2023-06-13,14,105.08,Store,Cash,1471.12,0.07,1368.14
2023-03-27,Amaretto,2023-05-28,13,6.89,Store,Cash,89.57,0.07,83.3
2023-04-03,Bread - White Mini Epi,2023-06-21,17,21.35,Store,Cash,362.95,0.1,326.66
2023-04-12,Lamb - Bones,2023-06-13,16,111.07,App,Visa,1777.12,0.15,1510.55
2023-04-26,Bagelers - Cinn / Brown Sugar,2023-06-23,12,210.78,Store,Cash,2529.36,0.07,2352.3
2023-05-04,Soup - Campbells Beef Barley,2023-05-28,17,206.53,Store,Visa,3511.01,0.08,3230.13
2023-03-24,Pasta - Fettuccine Egg Fresh,2023-06-02,6,166.99,Store,Cash,1001.94,0.05,951.84
2023-05-03,Nut - Almond Blanched Whole,2023-07-14,9,53.84,Store,Cash,484.56,0.05,460.33
2023-03-17,Wine - White Schroder And Schyl,2023-03-23,13,165.67,Store,Cash,2153.71,0.16,1809.12
2023-05-02,Soup - Knorr Chicken Gumbo,2023-05-11,3,236.76,Store,Cash,710.28,0.21,561.12
2023-04-26,Wine - Red Colio Cabernet,2023-04-27,14,150.82,Store,Visa,2111.48,0.18,1731.41
2023-05-02,Thyme - Lemon Fresh,2023-05-29,14,88.35,Store,Cash,1236.9,0.05,1175.06
2023-03-13,Honey - Lavender,2023-04-13,1,11.79,App,Visa,11.79,0.05,11.2
2023-05-05,Cake - Bande Of Fruit,2023-05-10,11,43.91,App,Visa,483.01,0.2,386.41
2023-04-08,Veal - Insides Provini,2023-04-26,11,40.81,App,Visa,448.91,0.14,386.06
2023-03-20,Cheese - Taleggio D.o.p.,2023-03-25,10,194.85,Store,Visa,1948.5,0.18,1597.77
2023-04-20,Table Cloth 54x54 Colour,2023-07-03,15,186.31,Store,Cash,2794.65,0.0,2794.65
2023-03-18,Nut - Walnut Chopped,2023-05-03,14,180.3,App,Visa,2524.2,0.11,2246.54
2023-04-26,Turkey - Whole Fresh,2023-06-17,17,138.43,Store,Cash,2353.31,0.1,2117.98
2023-04-12,Ocean Spray - Ruby Red,2023-07-02,5,148.87,Store,Cash,744.35,0.0,744.35
2023-04-24,Nantucket - Orange Mango Cktl,2023-06-05,6,161.12,Store,Cash,966.72,0.05,918.38
2023-04-12,Flower - Carnations,2023-05-21,6,229.61,Store,Cash,1377.66,0.05,1308.78
2023-04-29,Tequila - Sauza Silver,2023-06-30,3,24.27,Store,Cash,72.81,0.0,72.81
2023-04-17,Soup - Base Broth Beef,2023-05-21,14,55.81,Store,Visa,781.34,0.06,734.46
2023-05-04,Mikes Hard Lemonade,2023-05-24,5,62.32,Store,Cash,311.6,0.1,280.44
2023-03-31,Pasta - Lasagna Dry,2023-06-01,12,8.24,Store,Visa,98.88,0.06,92.95
2023-04-06,Ginsing - Fresh,2023-06-19,9,92.93,Store,Visa,836.37,0.05,794.55
2023-05-03,Capon - Breast Wing On,2023-07-27,9,171.96,App,Visa,1547.64,0.08,1423.83
2023-05-07,Chocolate - Semi Sweet Calets,2023-07-30,15,197.52,Store,Cash,2962.8,0.0,2962.8
2023-03-20,Tray - 16in Rnd Blk,2023-06-16,12,7.88,App,Visa,94.56,0.11,84.16
2023-05-08,Coffee - Frthy Coffee Crisp,2023-05-31,16,22.75,App,Visa,364.0,0.15,309.4
2023-05-04,Schnappes Peppermint - Walker,2023-05-20,6,19.59,App,Visa,117.54,0.12,103.44
2023-03-20,Wine - White Lindemans Bin 95,2023-04-19,9,182.21,Store,Cash,1639.89,0.05,1557.9
2023-05-08,Coffee Cup 12oz 5342cd,2023-07-15,10,130.1,App,Visa,1301.0,0.09,1183.91
2023-03-21,Paper - Brown Paper Mini Cups,2023-06-05,6,5.63,Store,Cash,33.78,0.05,32.09
2023-04-30,Coffee - Frthy Coffee Crisp,2023-07-17,15,177.35,Store,Cash,2660.25,0.0,2660.25
2023-05-03,Tea - Orange Pekoe,2023-05-20,1,71.36,App,Visa,71.36,0.09,64.94
2023-05-02,Muffin Mix - Raisin Bran,2023-06-29,11,171.22,App,Visa,1883.42,0.11,1676.24
2023-03-23,Jack Daniels,2023-06-14,17,210.22,Store,Cash,3573.74,0.3,2501.62
2023-04-22,Beef - Ground Medium,2023-07-05,14,174.09,App,Visa,2437.26,0.11,2169.16
2023-04-25,Onion Powder,2023-05-03,15,136.9,Store,Cash,2053.5,0.22,1601.73
2023-04-02,Tomatoes - Grape,2023-06-28,13,164.11,App,Visa,2133.43,0.11,1898.75
2023-03-22,Wine - Chenin Blanc K.w.v.,2023-06-07,11,184.55,App,Visa,2030.05,0.11,1806.74
2023-04-04,Quail - Eggs Fresh,2023-04-28,13,222.23,Store,Cash,2888.99,0.07,2686.76
2023-04-16,Bread - Pumpernickel,2023-05-12,11,182.41,Store,Cash,2006.51,0.06,1886.12
2023-03-16,Apples - Spartan,2023-06-06,6,127.75,Store,Visa,766.5,0.05,728.18
2023-04-05,Snails - Large Canned,2023-06-10,8,158.15,Store,Visa,1265.2,0.05,1201.94
2023-03-13,Eggplant - Baby,2023-04-18,3,241.88,App,Visa,725.64,0.05,689.36
2023-04-13,Wine - Rioja Campo Viejo,2023-05-10,15,165.9,App,Visa,2488.5,0.1,2239.65
2023-04-20,Wine - Rosso Toscano Igt,2023-04-25,1,188.66,App,Visa,188.66,0.15,160.36
2023-04-06,Wine - Blue Nun Qualitatswein,2023-04-08,7,228.35,Store,Cash,1598.45,0.17,1326.71
2023-04-11,Ecolab Crystal Fusion,2023-07-07,5,90.56,App,Visa,452.8,0.05,430.16
2023-04-24,Ecolab Crystal Fusion,2023-07-23,9,92.27,Store,Cash,830.43,0.05,788.91
2023-03-28,Sauce - White Mix,2023-05-02,13,194.21,App,Visa,2524.73,0.11,2247.01
2023-04-15,Lobak,2023-06-11,15,91.02,Store,Visa,1365.3,0.05,1297.03
2023-04-09,Pasta - Shells Medium Dry,2023-04-11,3,212.35,App,Visa,637.05,0.17,528.75
2023-05-10,Tomatoes Tear Drop Yellow,2023-06-03,13,45.47,Store,Visa,591.11,0.07,549.73
2023-05-05,Melon - Honey Dew,2023-07-27,12,167.18,Store,Cash,2006.16,0.07,1865.73
2023-03-23,Dried Cranberries,2023-04-25,16,166.28,Store,Visa,2660.48,0.3,1862.34
2023-03-26,Bagels Poppyseed,2023-05-10,8,80.83,App,Visa,646.64,0.08,594.91
2023-04-23,Mushroom - Crimini,2023-06-08,15,217.8,App,Visa,3267.0,0.1,2940.3
2023-04-28,Spice - Peppercorn Melange,2023-06-16,7,234.14,App,Visa,1638.98,0.08,1507.86
2023-03-19,Fruit Salad Deluxe,2023-05-22,4,148.25,Store,Visa,593.0,0.05,563.35
2023-03-25,Mountain Dew,2023-04-07,13,62.12,Store,Cash,807.56,0.12,710.65
2023-03-19,Pur Value,2023-04-12,4,9.19,App,Visa,36.76,0.06,34.55
2023-03-18,Remy Red Berry Infusion,2023-05-26,7,38.18,App,Visa,267.26,0.08,245.88
2023-04-27,Chestnuts - Wholecanned,2023-06-14,9,38.44,App,Visa,345.96,0.08,318.28
2023-03-20,Pork - Sausage Medium,2023-04-06,6,233.63,Store,Cash,1401.78,0.09,1275.62
2023-03-17,Apple - Royal Gala,2023-05-03,10,235.0,Store,Cash,2350.0,0.07,2185.5
2023-04-24,Oil - Cooking Spray,2023-05-30,14,83.2,App,Visa,1164.8,0.11,1036.67
2023-04-26,Tuna - Bluefin,2023-05-02,5,9.57,Store,Cash,47.85,0.24,36.37
2023-03-22,Pepper - Green Thai,2023-04-22,1,64.88,Store,Cash,64.88,0.0,64.88
2023-05-06,Mustard - Individual Pkg,2023-07-29,14,161.8,Store,Cash,2265.2,0.07,2106.64
2023-05-12,Pepper - Julienne Frozen,2023-07-20,10,135.67,App,Visa,1356.7,0.09,1234.6
2023-04-25,Hummus - Spread,2023-05-03,17,135.48,Store,Cash,2303.16,0.16,1934.65
2023-03-13,Absolut Citron,2023-05-25,9,62.42,Store,Visa,561.78,0.05,533.69
2023-05-10,Salad Dressing,2023-05-24,6,150.28,Store,Cash,901.68,0.11,802.5
2023-03-21,Yogurt - Assorted Pack,2023-05-06,11,64.81,App,Visa,712.91,0.11,634.49
2023-04-21,Soap - Hand Soap,2023-05-26,6,83.29,Store,Cash,499.74,0.05,474.75
2023-05-04,Barley - Pearl,2023-06-30,2,123.76,App,Visa,247.52,0.05,235.14
2023-04-20,Appetizer - Sausage Rolls,2023-06-25,8,75.13,Store,Cash,601.04,0.05,570.99
2023-03-16,Lemons,2023-03-31,17,247.42,App,Visa,4206.14,0.18,3449.03
2023-04-28,Cake - Miini Cheesecake Cherry,2023-05-31,12,127.02,Store,Cash,1524.24,0.09,1387.06
2023-04-05,Table Cloth 72x144 White,2023-06-27,17,229.19,Store,Visa,3896.23,0.08,3584.53
2023-03-17,Sword Pick Asst,2023-04-15,1,204.31,Store,Visa,204.31,0.03,198.18
2023-03-18,Cake - Sheet Strawberry,2023-05-29,4,72.27,Store,Cash,289.08,0.0,289.08
2023-03-19,Tuna - Sushi Grade,2023-05-09,14,40.61,Store,Cash,568.54,0.07,528.74
2023-05-02,Wine - Vovray Sec Domaine Huet,2023-05-27,4,41.5,App,Visa,166.0,0.05,157.7
2023-03-21,Watercress,2023-04-21,14,227.82,Store,Visa,3189.48,0.06,2998.11
2023-03-29,V8 Splash Strawberry Banana,2023-06-07,13,42.39,Store,Cash,551.07,0.07,512.5
2023-03-18,Syrup - Monin - Blue Curacao,2023-05-27,10,121.04,Store,Cash,1210.4,0.07,1125.67
2023-05-04,Sprouts - China Rose,2023-05-06,10,58.63,Store,Cash,586.3,0.18,480.77
2023-03-19,Pears - Bosc,2023-04-19,15,46.72,App,Visa,700.8,0.1,630.72
2023-03-23,Beef - Ox Tongue,2023-05-06,3,152.52,Store,Cash,457.56,0.5,228.78
2023-04-10,Buttons,2023-05-16,5,80.87,App,Visa,404.35,0.05,384.13
2023-03-23,The Pop Shoppe - Root Beer,2023-05-18,15,226.37,Store,Visa,3395.55,0.28,2444.8
2023-03-30,Pork - Ground,2023-04-14,1,189.55,Store,Cash,189.55,0.15,161.12
2023-04-08,Wasabi Powder,2023-05-03,1,24.63,App,Visa,24.63,0.05,23.4
2023-03-17,Milk 2% 500 Ml,2023-05-15,14,229.53,App,Visa,3213.42,0.11,2859.94
2023-03-23,Flavouring - Orange,2023-04-05,14,183.47,Store,Visa,2568.58,0.34,1695.26
2023-05-01,Juice - Orange Concentrate,2023-05-10,11,95.39,App,Visa,1049.29,0.18,860.42
2023-03-15,Bonito Flakes - Toku Katsuo,2023-04-23,12,96.35,Store,Visa,1156.2,0.06,1086.83
2023-04-19,Bread - Bistro White,2023-05-19,15,68.7,App,Visa,1030.5,0.1,927.45
2023-04-18,Bread - English Muffin,2023-06-08,2,11.09,App,Visa,22.18,0.05,21.07
2023-04-22,Nantuket Peach Orange,2023-06-12,9,88.17,Store,Cash,793.53,0.05,753.85
2023-04-09,Currants,2023-06-05,11,87.0,Store,Cash,957.0,0.07,890.01
2023-04-19,Wine - Red Gallo Merlot,2023-07-05,14,171.66,Store,Cash,2403.24,0.06,2259.05
2023-05-05,Cheese - Camembert,2023-06-19,10,62.27,App,Visa,622.7,0.1,560.43
2023-04-27,Container - Hngd Cll Blk 7x7x3,2023-06-21,17,247.07,Store,Visa,4200.19,0.08,3864.17
2023-04-04,Tomatoes - Vine Ripe Red,2023-05-09,9,197.06,App,Visa,1773.54,0.08,1631.66
2023-04-14,Durian Fruit,2023-06-15,5,246.05,App,Visa,1230.25,0.05,1168.74
2023-03-23,Veal - Shank Pieces,2023-06-01,15,64.0,Store,Cash,960.0,0.5,480.0
2023-04-23,Container - Clear 32 Oz,2023-05-17,14,201.77,Store,Visa,2824.78,0.07,2627.05
2023-05-05,Soup - Campbells - Chicken Noodle,2023-06-17,15,126.29,App,Visa,1894.35,0.1,1704.92
2023-05-01,Rice - Aborio,2023-07-06,6,16.2,Store,Cash,97.2,0.05,92.34
2023-03-16,Wine - Fume Blanc Fetzer,2023-06-04,14,93.19,App,Visa,1304.66,0.11,1161.15
2023-04-21,Beef - Salted,2023-07-11,1,83.46,App,Visa,83.46,0.05,79.29
2023-04-09,Pastry - French Mini Assorted,2023-05-05,6,220.44,Store,Cash,1322.64,0.05,1256.51
2023-05-11,Liners - Baking Cups,2023-08-05,4,1.45,App,Visa,5.8,0.05,5.51
2023-04-30,Cookie - Oatmeal,2023-05-13,8,67.93,App,Visa,543.44,0.14,467.36
2023-04-09,Pastry - Banana Tea Loaf,2023-05-20,7,174.86,App,Visa,1224.02,0.08,1126.1
2023-03-23,Broom And Brush Rack Black,2023-03-31,12,236.64,Store,Visa,2839.68,0.36,1817.4
2023-05-05,Fish - Bones,2023-07-06,5,194.87,Store,Cash,974.35,0.0,974.35
2023-04-22,Pie Shell - 5,2023-05-01,7,182.98,Store,Visa,1280.86,0.13,1114.35
2023-04-05,Wine - White Colubia Cresh,2023-04-23,16,142.82,App,Visa,2285.12,0.16,1919.5
2023-04-30,Celery Root,2023-05-08,10,6.28,App,Visa,62.8,0.16,52.75
2023-03-22,Longos - Greek Salad,2023-06-11,8,86.7,App,Visa,693.6,0.08,638.11
2023-03-13,Puree - Raspberry,2023-03-19,16,13.46,Store,Cash,215.36,0.17,178.75
2023-04-11,Calvados - Boulard,2023-04-13,4,228.68,App,Visa,914.72,0.17,759.22
2023-04-14,Scampi Tail,2023-06-21,14,187.9,Store,Cash,2630.6,0.07,2446.46
2023-04-20,Island Oasis - Ice Cream Mix,2023-05-15,10,123.17,App,Visa,1231.7,0.09,1120.85
2023-05-01,Plasticforkblack,2023-07-17,17,162.91,Store,Cash,2769.47,0.1,2492.52
2023-03-18,Bread - 10 Grain Parisian,2023-04-13,3,228.82,Store,Cash,686.46,0.04,659.0
2023-03-27,Kale - Red,2023-04-11,4,218.31,Store,Cash,873.24,0.15,742.25
2023-03-13,Wine - Casillero Deldiablo,2023-05-27,7,22.82,Store,Cash,159.74,0.05,151.75
2023-04-08,Maintenance Removal Charge,2023-05-19,16,197.57,Store,Cash,3161.12,0.1,2845.01
2023-03-18,Tea - Mint,2023-04-18,13,156.99,Store,Cash,2040.87,0.07,1898.01
2023-04-22,Cookie - Oreo 100x2,2023-05-03,16,145.35,App,Visa,2325.6,0.2,1860.48
2023-05-11,Compound - Pear,2023-06-15,12,16.86,Store,Cash,202.32,0.07,188.16
2023-04-09,The Pop Shoppe Pinapple,2023-06-24,15,28.4,Store,Visa,426.0,0.05,404.7
2023-04-11,Tarragon - Primerba Paste,2023-05-04,12,4.44,Store,Visa,53.28,0.07,49.55
2023-04-24,Straw - Regular,2023-05-19,13,167.1,Store,Cash,2172.3,0.06,2041.96
2023-03-22,Mussels - Cultivated,2023-04-28,9,155.12,Store,Visa,1396.08,0.05,1326.28
2023-04-15,Beef - Top Butt Aaa,2023-05-29,7,75.8,App,Visa,530.6,0.08,488.15
2023-04-23,Beer - Sleemans Honey Brown,2023-04-28,9,195.62,Store,Visa,1760.58,0.15,1496.49
2023-04-26,Bread - Pumpernickle Rounds,2023-04-29,16,30.8,Store,Cash,492.8,0.19,399.17
2023-04-08,Cheese - Cheddar With Claret,2023-06-09,12,171.33,Store,Cash,2055.96,0.09,1870.92
2023-04-25,Orange Roughy 6/8 Oz,2023-07-06,3,144.86,Store,Cash,434.58,0.0,434.58
2023-05-11,Quiche Assorted,2023-06-19,13,194.39,Store,Cash,2527.07,0.07,2350.18
2023-05-09,Cherries - Fresh,2023-07-27,9,86.3,App,Visa,776.7,0.08,714.56
2023-04-01,Appetizer - Cheese Bites,2023-05-24,6,127.16,App,Visa,762.96,0.1,686.66
2023-04-05,Wine - Barossa Valley Estate,2023-07-04,16,166.47,Store,Visa,2663.52,0.08,2450.44
2023-04-30,External Supplier,2023-06-15,10,177.68,App,Visa,1776.8,0.09,1616.89
2023-03-17,The Pop Shoppe Pinapple,2023-04-06,1,62.58,App,Visa,62.58,0.08,57.57
2023-04-05,Wine - Red Gallo Merlot,2023-05-10,15,210.55,Store,Visa,3158.25,0.05,3000.34
2023-03-20,Beef - Top Butt Aaa,2023-05-06,3,103.91,Store,Cash,311.73,0.0,311.73
2023-04-12,Yoghurt Tubes,2023-04-28,3,172.6,Store,Cash,517.8,0.14,445.31
2023-04-24,Fudge - Chocolate Fudge,2023-07-23,4,9.43,Store,Visa,37.72,0.05,35.83
2023-04-15,Pickles - Gherkins,2023-06-11,3,187.3,Store,Cash,561.9,0.0,561.9
2023-03-25,Chef Hat 25cm,2023-04-02,10,126.81,Store,Visa,1268.1,0.15,1077.89
2023-03-20,Wheat - Soft Kernal Of Wheat,2023-05-13,4,132.78,Store,Cash,531.12,0.0,531.12
2023-03-25,Soup - Campbells Chili Veg,2023-06-02,14,88.34,Store,Cash,1236.76,0.07,1150.19
2023-04-01,Bread - Granary Small Pull,2023-05-04,13,149.45,Store,Visa,1942.85,0.06,1826.28
2023-03-26,Bananas,2023-06-05,13,103.36,Store,Visa,1343.68,0.06,1263.06
2023-04-01,Glaze - Apricot,2023-05-16,16,29.3,Store,Cash,468.8,0.1,421.92
2023-04-02,Wine - Taylors Reserve,2023-06-20,16,51.5,Store,Visa,824.0,0.08,758.08
2023-03-31,Cheese - Havarti Salsa,2023-05-09,7,37.1,Store,Cash,259.7,0.08,238.92
2023-05-11,Nori Sea Weed - Gold Label,2023-06-30,15,217.08,App,Visa,3256.2,0.1,2930.58
2023-03-23,Wine La Vielle Ferme Cote Du,2023-05-01,16,179.99,Store,Cash,2879.84,0.3,2015.89
2023-04-22,Coffee - Frthy Coffee Crisp,2023-06-05,11,155.69,App,Visa,1712.59,0.11,1524.21
2023-04-20,Marjoram - Dried Rubbed,2023-06-13,2,25.33,App,Visa,50.66,0.05,48.13
2023-05-09,The Pop Shoppe Pinapple,2023-05-19,16,148.54,Store,Cash,2376.64,0.15,2020.14
2023-04-09,Crawfish,2023-04-22,11,173.66,Store,Cash,1910.26,0.12,1681.03
2023-04-06,Pork - Bacon Double Smoked,2023-06-22,2,108.18,Store,Visa,216.36,0.05,205.54
2023-05-08,Beer - Upper Canada Light,2023-06-09,3,137.12,App,Visa,411.36,0.05,390.79
2023-05-02,Napkin - Beverge White 2 - Ply,2023-06-05,12,133.32,App,Visa,1599.84,0.11,1423.86
2023-03-13,Wine - Vineland Estate Semi - Dry,2023-05-23,13,154.59,Store,Visa,2009.67,0.06,1889.09
2023-04-17,Scrubbie - Scotchbrite Hand Pad,2023-06-16,9,130.41,Store,Cash,1173.69,0.05,1115.01
2023-04-03,Kellogs Raisan Bran Bars,2023-05-04,1,49.13,Store,Visa,49.13,0.05,46.67
2023-04-29,Wine - Rubyport,2023-05-14,10,236.91,App,Visa,2369.1,0.13,2061.12
2023-03-15,Pumpkin,2023-03-24,7,154.67,Store,Visa,1082.69,0.13,941.94
2023-05-11,Brandy Cherry - Mcguinness,2023-06-23,10,118.87,App,Visa,1188.7,0.09,1081.72
2023-03-17,Wine - Soave Folonari,2023-03-28,1,123.96,Store,Cash,123.96,0.12,109.08
2023-04-11,Tomatoes - Cherry,2023-06-13,6,22.32,Store,Cash,133.92,0.05,127.22
2023-04-05,Mousse - Banana Chocolate,2023-06-09,9,194.32,App,Visa,1748.88,0.08,1608.97
2023-03-13,Cheese - Brick With Pepper,2023-03-31,1,122.85,Store,Cash,122.85,0.11,109.34
2023-04-03,Flour - Chickpea,2023-05-14,4,11.43,Store,Visa,45.72,0.05,43.43
2023-04-24,Tart Shells - Savory 2,2023-07-20,8,107.87,Store,Cash,862.96,0.05,819.81
2023-04-10,Clams - Bay,2023-04-17,8,225.63,App,Visa,1805.04,0.17,1498.18
2023-05-06,Honey - Comb,2023-06-14,13,122.33,Store,Cash,1590.29,0.07,1478.97
2023-04-27,Thyme - Dried,2023-07-20,11,189.65,Store,Cash,2086.15,0.07,1940.12
2023-05-04,V8 Splash Strawberry Kiwi,2023-07-02,12,222.58,Store,Cash,2670.96,0.07,2483.99
2023-04-13,Jameson Irish Whiskey,2023-06-30,17,100.98,App,Visa,1716.66,0.15,1459.16
2023-04-05,Lemonade - Pineapple Passion,2023-05-12,7,59.74,Store,Cash,418.18,0.05,397.27
2023-03-16,Coconut - Creamed Pure,2023-04-11,14,179.51,App,Visa,2513.14,0.11,2236.69
2023-05-04,Pepper - Chillies Crushed,2023-07-08,14,177.57,App,Visa,2485.98,0.11,2212.52
2023-04-22,Petit Baguette,2023-06-01,2,184.09,App,Visa,368.18,0.05,349.77
2023-03-23,Juice - Apple 500 Ml,2023-04-19,1,148.21,Store,Cash,148.21,0.27,108.19
2023-04-02,Onions - Spanish,2023-05-06,15,147.93,Store,Cash,2218.95,0.0,2218.95
2023-03-16,Wine - Carmenere Casillero Del,2023-04-12,3,64.07,App,Visa,192.21,0.05,182.6
2023-05-10,Chips Potato All Dressed - 43g,2023-06-08,16,34.82,Store,Cash,557.12,0.06,523.69
2023-04-30,Pastrami,2023-07-19,1,153.31,Store,Cash,153.31,0.0,153.31
2023-04-29,Sobe - Green Tea,2023-07-28,6,43.28,Store,Visa,259.68,0.05,246.7
2023-04-20,Cheese - La Sauvagine,2023-05-26,15,212.0,Store,Cash,3180.0,0.1,2862.0
2023-03-15,Jicama,2023-05-05,10,236.23,Store,Cash,2362.3,0.07,2196.94
2023-04-30,Wine - Sicilia Igt Nero Avola,2023-05-28,4,199.37,App,Visa,797.48,0.05,757.61
2023-03-13,Ginger - Crystalized,2023-05-09,6,112.72,Store,Cash,676.32,0.05,642.5
2023-04-28,Blue Curacao - Marie Brizard,2023-06-05,13,83.43,Store,Visa,1084.59,0.06,1019.51
2023-05-05,Pail - 15l White With Handle,2023-06-06,11,232.62,Store,Visa,2558.82,0.06,2405.29
2023-04-06,Pork - Kidney,2023-06-01,17,190.32,Store,Cash,3235.44,0.1,2911.9
2023-04-01,Table Cloth - 53x69 Colour,2023-06-16,3,3.83,App,Visa,11.49,0.05,10.92
2023-04-05,Ostrich - Prime Cut,2023-06-04,13,39.62,App,Visa,515.06,0.11,458.4
2023-03-25,Potatoes - Peeled,2023-06-22,3,110.03,Store,Cash,330.09,0.0,330.09
2023-03-27,Fish - Artic Char Cold Smoked,2023-05-17,1,135.58,Store,Visa,135.58,0.05,128.8
2023-04-10,Oil - Canola,2023-05-24,12,171.54,Store,Visa,2058.48,0.06,1934.97
2023-04-28,Bread - English Muffin,2023-06-18,7,247.0,Store,Visa,1729.0,0.05,1642.55
2023-03-15,Table Cloth 120 Round White,2023-06-02,17,114.51,App,Visa,1946.67,0.15,1654.67
2023-05-03,Pork Ham Prager,2023-07-16,11,38.62,App,Visa,424.82,0.11,378.09
2023-03-18,Dc - Frozen Momji,2023-04-23,12,228.91,App,Visa,2746.92,0.11,2444.76
2023-04-06,Yeast Dry - Fermipan,2023-05-14,3,173.94,Store,Cash,521.82,0.0,521.82
2023-04-29,Veal Inside - Provimi,2023-07-28,11,4.73,Store,Cash,52.03,0.07,48.39
2023-04-07,Pepper - Chillies Crushed,2023-06-01,1,70.85,App,Visa,70.85,0.05,67.31
2023-04-24,Chef Hat 20cm,2023-05-25,2,25.15,Store,Visa,50.3,0.05,47.79
2023-05-08,Oil - Olive Extra Virgin,2023-07-28,16,24.09,App,Visa,385.44,0.15,327.62
2023-04-01,Basil - Thai,2023-05-05,4,237.09,Store,Visa,948.36,0.05,900.94
2023-04-08,Fennel - Seeds,2023-06-12,6,216.99,Store,Cash,1301.94,0.05,1236.84
2023-04-12,Gingerale - Schweppes 355 Ml,2023-04-27,3,11.12,App,Visa,33.36,0.1,30.02
2023-03-14,Duck - Whole,2023-05-06,17,161.92,Store,Cash,2752.64,0.1,2477.38
2023-04-23,Truffle - Whole Black Peeled,2023-05-03,7,200.92,Store,Visa,1406.44,0.13,1223.6
2023-03-17,Lobak,2023-06-01,1,123.8,Store,Cash,123.8,0.0,123.8
2023-04-19,Pasta - Linguini Dry,2023-06-25,8,95.68,Store,Cash,765.44,0.05,727.17
2023-04-29,Plate Foam Laminated 9in Blk,2023-05-13,10,214.18,Store,Cash,2141.8,0.12,1884.78
2023-03-14,Pasta - Penne Lisce Dry,2023-05-15,5,83.36,Store,Cash,416.8,0.0,416.8
2023-03-28,Chocolate - Milk Callets,2023-04-24,3,54.68,Store,Cash,164.04,0.03,159.12
2023-04-01,Bagel - Ched Chs Presliced,2023-05-10,4,143.13,Store,Cash,572.52,0.0,572.52
2023-03-16,Horseradish Root,2023-03-22,14,140.21,App,Visa,1962.94,0.2,1570.35
2023-04-25,Bamboo Shoots - Sliced,2023-05-22,17,4.37,App,Visa,74.29,0.15,63.15
2023-05-04,Sauce - Oyster,2023-08-02,1,171.96,Store,Visa,171.96,0.05,163.36
2023-03-30,Cotton Wet Mop 16 Oz,2023-05-27,4,206.75,Store,Cash,827.0,0.0,827.0
2023-04-13,Cheese - Marble,2023-05-11,11,95.2,Store,Cash,1047.2,0.09,952.95
2023-04-11,Wine - Cotes Du Rhone Parallele,2023-05-04,7,249.5,App,Visa,1746.5,0.09,1589.32
2023-04-14,Mop Head - Cotton 24 Oz,2023-07-09,15,103.03,Store,Visa,1545.45,0.05,1468.18
2023-04-24,Eggwhite Frozen,2023-07-15,14,239.98,Store,Visa,3359.72,0.06,3158.14
2023-04-08,Truffle Cups - Brown,2023-05-24,5,151.69,Store,Visa,758.45,0.05,720.53
2023-04-17,Muskox - French Rack,2023-06-09,10,61.34,App,Visa,613.4,0.09,558.19
2023-05-10,Sprite Diet - 355ml,2023-05-15,17,4.52,Store,Cash,76.84,0.18,63.01
2023-03-31,Burger Veggie,2023-06-20,10,119.32,Store,Visa,1193.2,0.06,1121.61
2023-04-25,Food Colouring - Orange,2023-06-22,12,110.22,App,Visa,1322.64,0.11,1177.15
2023-04-09,Truffle Cups - White Paper,2023-05-30,11,191.82,App,Visa,2110.02,0.11,1877.92
2023-05-04,Ostrich - Prime Cut,2023-07-01,7,249.79,App,Visa,1748.53,0.08,1608.65
2023-04-04,Sole - Iqf,2023-06-24,17,235.06,App,Visa,3996.02,0.15,3396.62
2023-05-06,Muffin Batt - Carrot Spice,2023-06-14,3,43.01,Store,Cash,129.03,0.0,129.03
2023-03-18,Pork - Chop Frenched,2023-04-29,11,56.66,Store,Cash,623.26,0.07,579.63
2023-05-07,Bread - Roll Whole Wheat,2023-05-31,9,163.09,Store,Visa,1467.81,0.06,1379.74
2023-04-02,Island Oasis - Peach Daiquiri,2023-05-17,15,199.42,Store,Visa,2991.3,0.05,2841.74
2023-04-17,Cheese - Gouda,2023-05-18,1,214.08,App,Visa,214.08,0.08,196.95
2023-04-06,Food Colouring - Green,2023-06-18,3,244.82,App,Visa,734.46,0.05,697.74
2023-03-27,Bread - White Sliced,2023-06-13,11,3.7,App,Visa,40.7,0.11,36.22
2023-05-01,Parsley - Fresh,2023-07-20,12,174.57,App,Visa,2094.84,0.11,1864.41
2023-03-22,Pop - Club Soda Can,2023-04-26,2,199.86,Store,Cash,399.72,0.0,399.72
2023-04-06,Muffin Hinge 117n,2023-07-03,3,23.57,App,Visa,70.71,0.05,67.17
2023-03-31,Hipnotiq Liquor,2023-05-10,1,132.92,Store,Visa,132.92,0.05,126.27
2023-03-18,Jameson - Irish Whiskey,2023-04-14,10,94.05,App,Visa,940.5,0.09,855.86
2023-03-19,Peas Snow,2023-05-06,12,201.55,Store,Cash,2418.6,0.07,2249.3
2023-03-14,Soup - Knorr Ministrone,2023-05-30,7,166.86,App,Visa,1168.02,0.08,1074.58
2023-04-26,Soup Campbells Split Pea And Ham,2023-07-25,6,88.86,App,Visa,533.16,0.08,490.51
2023-03-17,Beef - Ox Tongue,2023-06-15,9,41.68,Store,Visa,375.12,0.05,356.36
2023-04-14,Water - Aquafina Vitamin,2023-05-05,3,173.65,Store,Cash,520.95,0.09,474.06
2023-05-12,Sesame Seed,2023-06-22,5,227.34,Store,Visa,1136.7,0.05,1079.87
2023-03-17,Wine - Soave Folonari,2023-05-10,11,158.85,Store,Visa,1747.35,0.06,1642.51
2023-04-25,Pork - Ham Hocks - Smoked,2023-07-16,6,142.45,App,Visa,854.7,0.08,786.32
2023-03-31,Cheese - Woolwich Goat Log,2023-06-02,15,213.3,Store,Cash,3199.5,0.1,2879.55
2023-04-14,Bread - Roll Calabrese,2023-07-04,11,21.13,App,Visa,232.43,0.11,206.86
2023-03-27,Pork - Smoked Back Bacon,2023-04-26,10,221.82,App,Visa,2218.2,0.09,2018.56
2023-03-20,Compound - Raspberry,2023-05-17,17,105.46,Store,Visa,1792.82,0.08,1649.39
2023-03-15,Mousse - Banana Chocolate,2023-06-04,5,117.79,App,Visa,588.95,0.05,559.5
2023-04-20,Flour - Chickpea,2023-05-07,6,175.29,Store,Visa,1051.74,0.09,957.08
2023-03-27,Wine - Baron De Rothschild,2023-05-14,16,230.14,Store,Cash,3682.24,0.08,3387.66
2023-05-11,Tart Shells - Savory 3,2023-08-08,10,91.41,App,Visa,914.1,0.09,831.83
2023-03-15,Gelatine Leaves - Envelopes,2023-06-07,4,154.74,Store,Cash,618.96,0.0,618.96
2023-05-03,Soup - Campbells Beef Barley,2023-05-25,7,11.2,App,Visa,78.4,0.09,71.34
2023-03-20,Sugar - Sweet N Low Individual,2023-03-24,1,176.87,Store,Cash,176.87,0.26,130.88
2023-04-05,Flour - Fast / Rapid,2023-05-14,3,196.76,Store,Cash,590.28,0.0,590.28
2023-05-09,Flower - Leather Leaf Fern,2023-07-27,8,108.89,Store,Cash,871.12,0.05,827.56
2023-03-21,Potatoes - Mini Red,2023-06-14,17,19.03,Store,Cash,323.51,0.1,291.16
2023-03-16,Cheese - Brick With Pepper,2023-04-10,7,179.52,App,Visa,1256.64,0.1,1130.98
2023-03-30,Tea - Decaf 1 Cup,2023-04-15,5,44.48,Store,Cash,222.4,0.14,191.26
2023-04-02,Wine - Prosecco Valdobienne,2023-04-25,12,175.86,App,Visa,2110.32,0.11,1878.18
2023-03-18,Wonton Wrappers,2023-05-06,17,245.21,App,Visa,4168.57,0.15,3543.28
2023-03-23,Oranges,2023-04-30,16,168.9,App,Visa,2702.4,0.35,1756.56
2023-05-01,Vodka - Smirnoff,2023-05-19,6,22.11,Store,Cash,132.66,0.08,122.05
2023-05-11,Doilies - 7 Paper,2023-06-20,14,114.09,App,Visa,1597.26,0.11,1421.56
2023-04-26,Sauce - Vodka Blush,2023-06-17,17,11.78,App,Visa,200.26,0.15,170.22
2023-03-28,Fruit Salad Deluxe,2023-06-14,12,121.28,Store,Cash,1455.36,0.07,1353.48
2023-03-20,Tray - 16in Rnd Blk,2023-05-09,6,167.8,Store,Visa,1006.8,0.05,956.46
2023-04-17,Shallots,2023-07-12,6,193.62,App,Visa,1161.72,0.08,1068.78
2023-05-12,Lobak,2023-05-28,2,62.86,App,Visa,125.72,0.1,113.15
2023-04-24,The Pop Shoppe - Black Cherry,2023-06-03,7,56.81,Store,Cash,397.67,0.05,377.79
2023-05-12,Cheese - Le Cru Du Clocher,2023-05-22,6,66.27,Store,Cash,397.62,0.15,337.98
2023-03-19,Bread - Sticks Thin Plain,2023-04-16,10,187.56,App,Visa,1875.6,0.09,1706.8
2023-03-14,Assorted Desserts,2023-03-23,7,15.94,Store,Visa,111.58,0.13,97.07
2023-03-27,Shrimp - 31/40,2023-06-04,17,127.13,App,Visa,2161.21,0.15,1837.03
2023-04-02,Appetizer - Shrimp Puff,2023-04-08,16,12.4,Store,Cash,198.4,0.17,164.67
2023-03-28,Shortbread - Cookie Crumbs,2023-04-28,6,105.47,Store,Cash,632.82,0.05,601.18
2023-05-11,Sausage - Meat,2023-07-28,1,234.17,Store,Cash,234.17,0.0,234.17
2023-04-13,Raspberries - Frozen,2023-05-18,9,193.27,Store,Cash,1739.43,0.05,1652.46
2023-03-19,Carbonated Water - Lemon Lime,2023-04-03,3,17.15,Store,Cash,51.45,0.15,43.73
2023-05-08,Cookie Dough - Oatmeal Rasin,2023-05-28,1,221.69,Store,Visa,221.69,0.08,203.95
2023-05-11,Coffee Cup 16oz Foam,2023-07-15,12,188.64,Store,Cash,2263.68,0.07,2105.22
2023-04-14,Cheese - Swiss,2023-05-20,8,197.96,Store,Visa,1583.68,0.08,1456.99
2023-03-24,Flour - Whole Wheat,2023-06-13,15,230.0,Store,Cash,3450.0,0.0,3450.0
2023-03-26,Tobasco Sauce,2023-04-01,1,158.62,Store,Visa,158.62,0.15,134.83
2023-04-06,Vegetable - Base,2023-05-19,4,7.2,Store,Visa,28.8,0.05,27.36
2023-04-12,Macaroons - Two Bite Choc,2023-06-02,4,180.79,Store,Visa,723.16,0.05,687.0
2023-04-10,Iced Tea - Lemon 460 Ml,2023-04-23,13,7.96,Store,Cash,103.48,0.12,91.06
2023-04-10,Cookie Chocolate Chip With,2023-05-21,3,101.45,Store,Cash,304.35,0.0,304.35
2023-04-19,Wine - Chardonnay Mondavi,2023-06-11,8,62.95,App,Visa,503.6,0.08,463.31
2023-03-14,Kale - Red,2023-06-01,17,125.13,Store,Visa,2127.21,0.08,1957.03
2023-04-05,Chevere Logs,2023-06-06,6,99.87,App,Visa,599.22,0.08,551.28
2023-04-10,Fondant - Icing,2023-06-17,8,161.12,Store,Visa,1288.96,0.05,1224.51
2023-04-02,Table Cloth 53x53 White,2023-04-20,8,245.07,Store,Cash,1960.56,0.08,1803.72
2023-04-20,Soup - Campbells Asian Noodle,2023-05-14,2,213.54,Store,Visa,427.08,0.06,401.46
2023-04-14,Pate - Cognac,2023-07-13,12,223.77,Store,Cash,2685.24,0.07,2497.27
2023-04-30,Turnip - White,2023-07-12,1,239.67,Store,Cash,239.67,0.0,239.67
2023-04-06,Cheese - Woolwich Goat Log,2023-05-10,6,153.26,Store,Cash,919.56,0.08,846.0
2023-04-23,Oil - Shortening - All - Purpose,2023-07-13,17,145.27,App,Visa,2469.59,0.15,2099.15
2023-04-23,Thyme - Fresh,2023-06-20,3,29.72,Store,Cash,89.16,0.0,89.16
2023-05-04,Hagen Daza - Dk Choocolate,2023-05-08,15,122.94,Store,Visa,1844.1,0.16,1549.04
2023-03-26,Yoplait - Strawbrasp Peac,2023-06-15,5,69.06,App,Visa,345.3,0.05,328.03
2023-04-20,Cream - 35%,2023-07-03,7,203.34,App,Visa,1423.38,0.08,1309.51
2023-03-18,Lemon Balm - Fresh,2023-05-28,14,58.77,App,Visa,822.78,0.11,732.27
2023-04-07,Cheese - Grie Des Champ,2023-05-10,6,40.56,Store,Visa,243.36,0.08,223.89
2023-03-30,Stock - Beef White,2023-05-02,9,60.72,Store,Cash,546.48,0.05,519.16
2023-03-26,Onions - Cippolini,2023-04-10,4,161.28,App,Visa,645.12,0.1,580.61
2023-04-25,Beef - Tender Tips,2023-05-01,3,5.69,Store,Visa,17.07,0.15,14.51
2023-03-18,Beer - Guiness,2023-03-19,16,232.34,Store,Cash,3717.44,0.2,2973.95
2023-03-15,Soup - Campbells Beef Stew,2023-05-22,2,208.53,App,Visa,417.06,0.05,396.21
2023-04-04,Soup - Chicken And Wild Rice,2023-06-17,12,126.06,Store,Cash,1512.72,0.07,1406.83
2023-03-16,Ice Cream - Life Savers,2023-06-14,13,6.12,Store,Visa,79.56,0.06,74.79
2023-05-03,Pork - Backfat,2023-06-06,3,209.35,Store,Cash,628.05,0.0,628.05
2023-05-08,Pecan Raisin - Tarts,2023-05-27,14,122.75,Store,Cash,1718.5,0.09,1563.84
2023-04-16,Brocolinni - Gaylan Chinese,2023-04-27,6,111.13,Store,Cash,666.78,0.12,586.77
2023-04-25,Cheese - Manchego Spanish,2023-06-02,15,7.6,App,Visa,114.0,0.13,99.18
2023-04-26,Mustard - Pommery,2023-07-09,14,125.39,Store,Cash,1755.46,0.07,1632.58
2023-04-01,Potatoes - Mini Red,2023-06-28,11,225.48,Store,Visa,2480.28,0.06,2331.46
2023-03-26,Pastry - Carrot Muffin - Mini,2023-04-24,6,241.17,Store,Cash,1447.02,0.03,1403.61
2023-04-20,Sparkling Wine - Rose Freixenet,2023-04-26,15,245.79,Store,Cash,3686.85,0.15,3133.82
2023-04-14,Jam - Blackberry 20 Ml Jar,2023-06-30,14,64.57,Store,Visa,903.98,0.06,849.74
2023-03-20,Stock - Fish,2023-05-14,12,94.25,App,Visa,1131.0,0.11,1006.59
2023-04-10,Poppy Seed,2023-06-10,9,51.14,Store,Visa,460.26,0.05,437.25
2023-05-04,Fond - Neutral,2023-07-06,15,108.81,Store,Visa,1632.15,0.05,1550.54
2023-03-17,Artichoke - Fresh,2023-05-08,14,219.95,App,Visa,3079.3,0.11,2740.58
2023-03-13,Muffin - Zero Transfat,2023-04-24,3,127.44,Store,Cash,382.32,0.0,382.32
2023-03-13,Soup - Campbells Bean Medley,2023-06-10,16,162.4,App,Visa,2598.4,0.15,2208.64
2023-03-22,Canadian Emmenthal,2023-04-10,16,240.98,Store,Cash,3855.68,0.11,3431.56
2023-04-10,Corn - On The Cob,2023-06-04,15,245.09,App,Visa,3676.35,0.1,3308.72
2023-03-26,Lamb Rack Frenched Australian,2023-05-03,1,138.86,Store,Visa,138.86,0.05,131.92
2023-03-13,Pastry - Baked Cinnamon Stick,2023-05-13,17,166.51,Store,Visa,2830.67,0.08,2604.22
2023-04-14,Tortillas - Flour 12,2023-05-03,6,49.16,App,Visa,294.96,0.11,262.51
2023-04-03,Steampan - Lid For Half Size,2023-05-21,15,233.85,Store,Cash,3507.75,0.0,3507.75
2023-04-05,Capon - Breast Double Wing On,2023-06-08,3,220.85,Store,Cash,662.55,0.0,662.55
2023-05-03,Loquat,2023-06-24,14,174.21,Store,Cash,2438.94,0.07,2268.21
2023-04-08,Juice - Ocean Spray Cranberry,2023-05-10,7,189.75,Store,Visa,1328.25,0.05,1261.84
2023-05-11,Beef - Inside Round,2023-06-23,7,1.36,Store,Cash,9.52,0.05,9.04
2023-05-12,Pancetta,2023-07-13,6,181.83,Store,Visa,1090.98,0.05,1036.43
2023-04-09,Garlic - Elephant,2023-04-19,17,132.65,Store,Cash,2255.05,0.15,1916.79
2023-05-02,Ranchero - Primerba Paste,2023-07-01,8,162.54,App,Visa,1300.32,0.08,1196.29
2023-04-02,Wine - Charddonnay Errazuriz,2023-05-15,3,92.21,Store,Visa,276.63,0.05,262.8
2023-03-16,Potatoes - Peeled,2023-04-16,5,78.01,App,Visa,390.05,0.05,370.55
2023-04-28,Triple Sec - Mcguinness,2023-05-18,4,44.35,Store,Cash,177.4,0.1,159.66
2023-04-06,Longos - Penne With Pesto,2023-04-14,15,186.92,Store,Cash,2803.8,0.22,2186.96
2023-03-22,Onions - Red Pearl,2023-05-16,2,208.6,Store,Visa,417.2,0.05,396.34
2023-05-04,Pepper - Black Crushed,2023-07-02,16,152.4,Store,Visa,2438.4,0.08,2243.33
2023-04-01,Fond - Neutral,2023-06-02,11,103.06,App,Visa,1133.66,0.11,1008.96
2023-04-01,Beer - Paulaner Hefeweisse,2023-06-28,13,37.05,Store,Visa,481.65,0.06,452.75
2023-04-30,Sage Derby,2023-07-06,12,41.48,App,Visa,497.76,0.11,443.01
2023-03-14,Pasta - Fusili Tri - Coloured,2023-05-01,17,70.45,App,Visa,1197.65,0.15,1018.0
2023-03-25,Lady Fingers,2023-03-28,13,223.14,App,Visa,2900.82,0.21,2291.65
2023-03-17,Pop - Club Soda Can,2023-05-06,7,128.83,Store,Cash,901.81,0.05,856.72
2023-05-12,Cardamon Ground,2023-06-19,7,84.84,App,Visa,593.88,0.08,546.37
2023-04-01,Ice Cream - Life Savers,2023-04-06,5,53.47,Store,Visa,267.35,0.15,227.25
2023-03-20,Five Alive Citrus,2023-03-27,4,51.52,Store,Visa,206.08,0.14,177.23
2023-03-21,Bagel - 12 Grain Preslice,2023-06-03,7,169.41,Store,Visa,1185.87,0.05,1126.58
2023-04-28,Cheese - Augre Des Champs,2023-07-16,15,113.75,Store,Cash,1706.25,0.1,1535.63
2023-03-14,Chocolate - Milk Callets,2023-05-09,1,57.02,App,Visa,57.02,0.05,54.17
2023-03-15,Tea Leaves - Oolong,2023-03-18,14,75.78,Store,Cash,1060.92,0.17,880.56
2023-04-14,Chilli Paste Hot Sambal Oelek,2023-05-16,15,20.58,Store,Cash,308.7,0.0,308.7
2023-04-09,Red Cod Fillets - 225g,2023-06-15,14,234.77,Store,Cash,3286.78,0.07,3056.71
2023-03-27,Fuji Apples,2023-05-10,14,130.74,Store,Cash,1830.36,0.07,1702.23
2023-05-03,Bread - Assorted Rolls,2023-07-01,2,214.24,Store,Cash,428.48,0.0,428.48
2023-04-23,Cocktail Napkin Blue,2023-06-11,3,5.02,Store,Cash,15.06,0.0,15.06
2023-04-24,Soup - French Onion Dry,2023-06-05,7,157.84,Store,Visa,1104.88,0.05,1049.64
2023-03-29,Coffee - Irish Cream,2023-04-25,12,201.33,Store,Cash,2415.96,0.05,2295.16
2023-03-17,Glycerine,2023-06-02,16,240.75,App,Visa,3852.0,0.15,3274.2
2023-04-21,Lobster - Base,2023-06-18,6,232.62,Store,Cash,1395.72,0.05,1325.93
2023-03-21,Milk - Skim,2023-04-01,16,82.01,Store,Visa,1312.16,0.15,1115.34
2023-04-26,Cookie Choc,2023-06-09,14,236.92,Store,Cash,3316.88,0.07,3084.7
2023-04-28,Beer - Steamwhistle,2023-07-26,16,64.97,App,Visa,1039.52,0.15,883.59
2023-03-29,Spinach - Spinach Leaf,2023-06-18,4,71.74,Store,Cash,286.96,0.0,286.96
2023-03-15,Chinese Foods - Chicken Wing,2023-06-09,16,215.06,App,Visa,3440.96,0.15,2924.82
2023-05-03,Cranberries - Frozen,2023-05-11,9,215.56,Store,Cash,1940.04,0.14,1668.43
2023-04-13,Soup - Campbells Chili,2023-06-11,15,116.4,Store,Cash,1746.0,0.0,1746.0
2023-05-11,General Purpose Trigger,2023-05-14,9,243.88,Store,Cash,2194.92,0.16,1843.73
2023-03-24,Liqueur Banana Ramazzotti,2023-03-26,13,131.39,App,Visa,1708.07,0.22,1332.29
2023-04-21,Bagelers,2023-06-13,16,202.73,Store,Cash,3243.68,0.1,2919.31
2023-03-17,Chocolate Bar - Smarties,2023-05-03,6,36.23,Store,Visa,217.38,0.05,206.51
2023-03-23,Longos - Greek Salad,2023-06-03,16,49.18,Store,Cash,786.88,0.3,550.82
2023-04-28,Beer - Blue Light,2023-07-04,8,38.44,Store,Cash,307.52,0.05,292.14
2023-05-07,Ice Cream - Super Sandwich,2023-07-07,16,63.29,App,Visa,1012.64,0.15,860.74
2023-05-05,Bacardi Breezer - Tropical,2023-06-05,11,6.02,App,Visa,66.22,0.11,58.94
2023-04-07,Beef - Montreal Smoked Brisket,2023-05-27,15,214.75,App,Visa,3221.25,0.1,2899.13
2023-03-24,Sprouts Dikon,2023-05-18,11,198.74,Store,Cash,2186.14,0.07,2033.11
2023-03-13,Pasta - Bauletti Chicken White,2023-05-10,9,210.88,Store,Cash,1897.92,0.05,1803.02
2023-04-08,Chicken - Ground,2023-04-29,12,91.7,Store,Cash,1100.4,0.08,1012.37
2023-04-10,Wine - White French Cross,2023-06-15,14,105.92,Store,Cash,1482.88,0.06,1393.91
2023-05-05,Appetizer - Tarragon Chicken,2023-06-18,12,217.6,Store,Cash,2611.2,0.07,2428.42
2023-05-06,Phyllo Dough,2023-06-18,7,249.92,Store,Cash,1749.44,0.05,1661.97
2023-04-14,Cheese - Camembert,2023-05-21,6,75.17,App,Visa,451.02,0.1,405.92
2023-05-01,Jam - Raspberry,2023-05-30,3,71.6,Store,Cash,214.8,0.01,212.65
2023-05-12,Wine - Pinot Noir Mondavi Coastal,2023-05-16,15,114.42,Store,Cash,1716.3,0.16,1441.69
2023-05-04,Creamers - 10%,2023-07-13,16,182.77,App,Visa,2924.32,0.15,2485.67
2023-03-20,Wine - Chablis 2003 Champs,2023-05-26,10,88.12,Store,Cash,881.2,0.06,828.33
2023-03-19,Wine - Rosso Del Veronese Igt,2023-06-17,10,110.96,Store,Cash,1109.6,0.06,1043.02
2023-04-25,Filter - Coffee,2023-06-27,12,48.79,Store,Visa,585.48,0.06,550.35
2023-03-13,Ice Cream Bar - Oreo Sandwich,2023-04-15,7,233.66,Store,Cash,1635.62,0.05,1553.84
2023-03-23,Ham - Proscuitto,2023-06-13,14,162.01,Store,Visa,2268.14,0.29,1610.38
2023-04-02,Juice - Apple 341 Ml,2023-04-06,9,65.97,App,Visa,593.73,0.18,486.86
2023-04-23,Magnotta Bel Paese Red,2023-06-28,4,9.69,App,Visa,38.76,0.05,36.82
2023-04-12,Sauce Bbq Smokey,2023-05-21,1,111.91,Store,Cash,111.91,0.0,111.91
2023-03-14,Mix Pina Colada,2023-05-18,11,132.35,Store,Visa,1455.85,0.06,1368.5
2023-03-29,Chicken - Whole Roasting,2023-06-09,3,226.77,App,Visa,680.31,0.05,646.29
2023-04-29,Sprouts - Peppercress,2023-07-28,15,83.76,App,Visa,1256.4,0.1,1130.76
2023-03-17,Sugar Thermometer,2023-06-08,9,35.86,Store,Cash,322.74,0.05,306.6
2023-05-02,Butter - Pod,2023-05-25,9,6.64,App,Visa,59.76,0.09,54.38
2023-05-12,Garam Marsala,2023-06-09,8,42.36,Store,Cash,338.88,0.04,325.32
2023-05-08,Mudslide,2023-06-09,7,128.4,Store,Cash,898.8,0.05,853.86
2023-03-17,Ecolab - Ster Bac,2023-06-03,7,127.84,Store,Visa,894.88,0.05,850.14
2023-05-01,Noodles - Cellophane Thin,2023-07-14,17,171.0,Store,Cash,2907.0,0.1,2616.3
2023-04-16,Appetizer - Southwestern,2023-06-30,11,124.86,Store,Cash,1373.46,0.07,1277.32
2023-04-21,Thyme - Dried,2023-06-29,3,85.66,App,Visa,256.98,0.05,244.13
2023-04-19,Coffee - French Vanilla Frothy,2023-05-03,4,181.44,Store,Visa,725.76,0.11,645.93
2023-04-09,Ecolab - Solid Fusion,2023-07-06,4,11.47,Store,Cash,45.88,0.0,45.88
2023-04-21,Sour Puss - Tangerine,2023-06-20,9,187.57,Store,Visa,1688.13,0.05,1603.72
2023-03-28,Napkin Colour,2023-06-01,3,95.55,Store,Cash,286.65,0.0,286.65
2023-03-16,Passion Fruit,2023-04-13,5,47.25,Store,Visa,236.25,0.04,226.8
2023-04-21,Beef - Tenderloin Tails,2023-06-25,6,216.68,App,Visa,1300.08,0.08,1196.07
2023-05-06,Calypso - Strawberry Lemonade,2023-05-28,8,136.78,App,Visa,1094.24,0.09,995.76
2023-05-03,Soupfoamcont12oz 112con,2023-07-21,13,60.32,Store,Visa,784.16,0.06,737.11
2023-03-14,Fudge - Cream Fudge,2023-03-23,12,225.99,App,Visa,2711.88,0.18,2223.74
2023-05-10,Gingerale - Diet - Schweppes,2023-05-23,10,193.2,Store,Visa,1932.0,0.12,1700.16
2023-05-05,Trueblue - Blueberry 12x473ml,2023-07-19,3,51.38,Store,Cash,154.14,0.0,154.14
2023-04-20,Calypso - Black Cherry Lemonade,2023-05-12,12,8.31,Store,Cash,99.72,0.08,91.74
2023-05-07,Puree - Raspberry,2023-05-23,10,134.58,Store,Cash,1345.8,0.11,1197.76
2023-03-17,Pate - Cognac,2023-04-28,1,70.2,Store,Cash,70.2,0.0,70.2
2023-04-07,Hipnotiq Liquor,2023-06-04,16,22.23,Store,Cash,355.68,0.1,320.11
2023-04-04,Icecream - Dstk Cml And Fdg,2023-04-12,3,184.39,Store,Cash,553.17,0.22,431.47
2023-04-23,Muffin Mix - Carrot,2023-05-12,12,228.89,Store,Visa,2746.68,0.09,2499.48
2023-04-25,Mushroom - Morels Dry,2023-06-14,15,50.24,Store,Visa,753.6,0.05,715.92
2023-04-29,Foie Gras,2023-07-22,6,28.35,App,Visa,170.1,0.08,156.49
2023-04-02,Pepperoni Slices,2023-04-30,8,130.02,Store,Visa,1040.16,0.05,988.15
2023-03-13,Cake - Sheet Strawberry,2023-05-03,11,218.23,Store,Cash,2400.53,0.07,2232.49
2023-04-25,Mahi Mahi,2023-05-22,6,17.81,App,Visa,106.86,0.08,98.31
2023-03-13,Beans - Yellow,2023-04-14,17,138.42,Store,Cash,2353.14,0.1,2117.83
2023-04-17,Mushrooms - Honey,2023-06-05,4,144.18,App,Visa,576.72,0.05,547.88
2023-04-23,Longos - Lasagna Beef,2023-05-27,12,236.92,Store,Cash,2843.04,0.07,2644.03
2023-04-26,Food Colouring - Blue,2023-06-17,3,216.56,Store,Cash,649.68,0.0,649.68
2023-05-04,Veal - Provimi Inside,2023-07-01,14,166.26,Store,Cash,2327.64,0.07,2164.71
2023-04-22,Olive - Spread Tapenade,2023-06-03,6,188.99,Store,Visa,1133.94,0.05,1077.24
2023-04-04,Foil - Round Foil,2023-04-29,9,135.32,Store,Cash,1217.88,0.05,1156.99
2023-03-23,Scallops - U - 10,2023-04-29,16,15.66,Store,Cash,250.56,0.3,175.39
2023-04-06,Bag - Bread White Plain,2023-05-10,16,108.67,Store,Cash,1738.72,0.1,1564.85
2023-05-06,Carbonated Water - Raspberry,2023-07-21,6,111.15,App,Visa,666.9,0.08,613.55
2023-03-13,Wine - Segura Viudas Aria Brut,2023-04-12,12,70.29,Store,Visa,843.48,0.06,792.87
2023-04-22,Amarula Cream,2023-04-28,13,50.37,App,Visa,654.81,0.2,523.85
2023-04-23,Salmon - Atlantic No Skin,2023-05-31,10,206.7,App,Visa,2067.0,0.09,1880.97
2023-04-19,Sugar Thermometer,2023-06-14,14,196.59,Store,Cash,2752.26,0.07,2559.6
2023-04-03,Liqueur - Melon,2023-04-18,11,212.54,Store,Cash,2337.94,0.11,2080.77
2023-04-25,Madeira,2023-07-18,14,129.0,Store,Cash,1806.0,0.07,1679.58
2023-04-27,Flower - Commercial Spider,2023-07-09,4,134.57,Store,Visa,538.28,0.05,511.37
2023-03-19,Capon - Breast Double Wing On,2023-05-23,6,32.99,App,Visa,197.94,0.08,182.1
2023-04-11,Smoked Tongue,2023-06-19,11,116.12,Store,Visa,1277.32,0.06,1200.68
2023-04-17,Apple - Fuji,2023-05-17,2,236.66,App,Visa,473.32,0.05,449.65
2023-04-20,Pork - Bacon Double Smoked,2023-06-26,17,160.41,App,Visa,2726.97,0.15,2317.92
2023-04-27,Island Oasis - Peach Daiquiri,2023-06-14,8,21.59,App,Visa,172.72,0.08,158.9
2023-04-29,Pepper - Chipotle Canned,2023-06-15,1,82.75,Store,Cash,82.75,0.0,82.75
2023-04-25,Wine - Duboeuf Beaujolais,2023-07-09,8,231.85,Store,Cash,1854.8,0.05,1762.06
2023-04-08,Soup - Knorr Classic Can. Chili,2023-05-21,6,75.73,Store,Visa,454.38,0.05,431.66
2023-04-24,Water - Spring Water 355 Ml,2023-07-08,9,246.21,App,Visa,2215.89,0.08,2038.62
2023-03-23,Onions - Green,2023-05-02,17,71.44,App,Visa,1214.48,0.35,789.41
2023-04-18,Rice - Jasmine Sented,2023-06-24,13,145.71,Store,Cash,1894.23,0.07,1761.63
2023-04-29,Snapple Lemon Tea,2023-07-03,13,90.59,Store,Visa,1177.67,0.06,1107.01
2023-05-11,Nut - Cashews Whole Raw,2023-06-06,9,123.2,Store,Visa,1108.8,0.05,1053.36
2023-04-07,Bread - Triangle White,2023-05-09,15,181.13,App,Visa,2716.95,0.1,2445.26
2023-04-26,Pasta - Rotini Colour Dry,2023-07-17,4,200.73,Store,Visa,802.92,0.05,762.77
2023-03-29,Milk - Skim,2023-04-10,4,230.51,Store,Cash,922.04,0.18,756.07
2023-05-01,Beans - Green,2023-07-05,15,112.63,App,Visa,1689.45,0.1,1520.51
2023-04-21,Longos - Lasagna Beef,2023-05-14,9,247.62,Store,Cash,2228.58,0.06,2094.87
2023-04-27,Bread - Olive Dinner Roll,2023-06-04,8,2.23,App,Visa,17.84,0.08,16.41
2023-03-19,Soup - French Can Pea,2023-06-09,10,86.47,Store,Visa,864.7,0.06,812.82
2023-03-16,Corn Meal,2023-03-17,16,24.53,Store,Cash,392.48,0.2,313.98
2023-04-17,Jerusalem Artichoke,2023-06-15,4,203.16,Store,Visa,812.64,0.05,772.01
2023-05-12,Ocean Spray - Kiwi Strawberry,2023-07-31,11,175.29,Store,Visa,1928.19,0.06,1812.5
2023-04-06,Silicone Parch. 16.3x24.3,2023-06-04,2,38.77,Store,Visa,77.54,0.05,73.66
2023-05-06,Sachet,2023-05-14,5,81.34,Store,Cash,406.7,0.22,317.23
2023-03-19,Spaghetti Squash,2023-03-30,9,10.77,Store,Cash,96.93,0.12,85.3
2023-04-11,Coffee Beans - Chocolate,2023-06-02,12,102.37,Store,Visa,1228.44,0.06,1154.73
2023-04-26,Bread - Flat Bread,2023-05-29,13,245.49,App,Visa,3191.37,0.11,2840.32
2023-04-20,Egg Patty Fried,2023-05-02,7,182.62,Store,Cash,1278.34,0.11,1137.72
2023-04-09,Grenadillo,2023-07-08,7,70.22,App,Visa,491.54,0.08,452.22
2023-03-30,Island Oasis - Peach Daiquiri,2023-06-04,13,67.7,Store,Cash,880.1,0.07,818.49
2023-04-12,Marsala - Sperone Fine D.o.c.,2023-04-22,12,113.77,Store,Cash,1365.24,0.14,1174.11
2023-04-28,Snapple - Mango Maddness,2023-05-06,1,111.28,Store,Cash,111.28,0.22,86.8
2023-03-21,Wine - Sake,2023-04-09,11,125.98,App,Visa,1385.78,0.13,1205.63
2023-05-07,Bread - Sticks Thin Plain,2023-05-30,16,133.65,Store,Cash,2138.4,0.09,1945.94
2023-04-28,Sugar - Fine,2023-05-02,12,109.82,Store,Cash,1317.84,0.17,1093.81
2023-04-15,Snapple Lemon Tea,2023-06-16,1,237.89,Store,Cash,237.89,0.0,237.89
2023-04-24,Trout - Rainbow Fresh,2023-07-23,12,185.12,Store,Cash,2221.44,0.07,2065.94
2023-03-29,Chutney Sauce - Mango,2023-06-13,8,216.72,Store,Visa,1733.76,0.05,1647.07
2023-04-01,Wine - Placido Pinot Grigo,2023-06-24,8,176.57,App,Visa,1412.56,0.08,1299.56
2023-04-02,Lobster - Live,2023-04-29,13,186.23,Store,Cash,2420.99,0.05,2299.94
2023-03-15,Pastry - Key Limepoppy Seed Tea,2023-03-20,4,112.38,Store,Visa,449.52,0.15,382.09
2023-03-19,Pepper - Julienne Frozen,2023-04-19,2,236.64,Store,Visa,473.28,0.05,449.62
2023-04-28,Tomatoes,2023-06-16,14,8.53,App,Visa,119.42,0.11,106.28
2023-03-20,Water - Evian 355 Ml,2023-04-04,17,143.49,Store,Visa,2439.33,0.13,2122.22
2023-04-13,Beer - Maudite,2023-07-11,15,176.36,Store,Cash,2645.4,0.0,2645.4
2023-05-01,Bouillion - Fish,2023-07-30,6,91.44,Store,Cash,548.64,0.05,521.21
2023-04-13,Edible Flower - Mixed,2023-06-17,11,58.36,App,Visa,641.96,0.11,571.34
2023-04-13,Split Peas - Green Dry,2023-04-19,2,204.16,App,Visa,408.32,0.15,347.07
2023-05-05,Fib N9 - Prague Powder,2023-07-09,1,4.5,Store,Cash,4.5,0.0,4.5
2023-04-09,Pickle - Dill,2023-04-22,13,130.2,App,Visa,1692.6,0.16,1421.78
2023-03-30,Truffle Cups - Red,2023-04-04,13,143.75,App,Visa,1868.75,0.2,1495.0
2023-04-13,Broom - Angled,2023-06-23,17,243.87,Store,Cash,4145.79,0.1,3731.21
2023-03-30,Juice - Tomato 48 Oz,2023-06-26,6,15.79,Store,Visa,94.74,0.05,90.0
2023-04-12,Sauce - Plum,2023-07-04,13,83.88,Store,Cash,1090.44,0.07,1014.11
2023-04-16,Wine - Red Cabernet Merlot,2023-05-26,5,185.28,Store,Visa,926.4,0.05,880.08
2023-05-02,Cheese - Brie Cups 125g,2023-05-30,14,96.63,App,Visa,1352.82,0.13,1176.95
2023-03-26,Horseradish Root,2023-06-05,15,10.34,App,Visa,155.1,0.1,139.59
2023-04-23,Turnip - Wax,2023-06-15,15,94.8,Store,Cash,1422.0,0.0,1422.0
2023-03-23,Cumin - Ground,2023-06-20,9,20.97,Store,Visa,188.73,0.28,135.89
2023-04-02,Yogurt - Blueberry 175 Gr,2023-07-01,8,27.4,Store,Cash,219.2,0.05,208.24
2023-04-06,Cinnamon Rolls,2023-04-17,5,71.47,Store,Visa,357.35,0.12,314.47
2023-05-12,Wine - Vineland Estate Semi - Dry,2023-05-19,11,127.04,Store,Cash,1397.44,0.15,1187.82
2023-03-30,Dome Lid Clear P92008h,2023-04-19,2,122.41,Store,Cash,244.82,0.1,220.34
2023-03-19,Beef - Cow Feet Split,2023-04-24,7,151.37,Store,Cash,1059.59,0.05,1006.61
2023-04-02,Mahi Mahi,2023-05-03,1,134.35,App,Visa,134.35,0.05,127.63
2023-03-27,Horseradish Root,2023-04-18,6,190.46,Store,Visa,1142.76,0.07,1062.77
2023-04-21,Bread - Sour Batard,2023-07-14,5,140.94,App,Visa,704.7,0.05,669.47
2023-04-15,Sprite Diet - 355ml,2023-06-11,16,135.29,App,Visa,2164.64,0.15,1839.94
2023-03-20,Eggplant Italian,2023-04-11,16,141.4,Store,Cash,2262.4,0.09,2058.78
2023-04-13,Pasta - Bauletti Chicken White,2023-06-05,8,233.12,Store,Cash,1864.96,0.05,1771.71
2023-05-01,Pastry - Key Limepoppy Seed Tea,2023-05-21,8,15.42,Store,Cash,123.36,0.08,113.49
2023-04-17,Veal - Tenderloin Untrimmed,2023-05-10,14,191.97,Store,Cash,2687.58,0.07,2499.45
2023-05-12,Bag - Regular Kraft 20 Lb,2023-07-03,11,24.42,App,Visa,268.62,0.11,239.07
2023-04-11,Crackers - Soda / Saltins,2023-06-12,13,54.93,Store,Cash,714.09,0.07,664.1
2023-03-29,Oysters - Smoked,2023-06-01,17,103.28,Store,Cash,1755.76,0.1,1580.18
2023-05-06,Water - Mineral Natural,2023-05-24,5,169.85,Store,Cash,849.25,0.12,747.34
2023-03-21,Beef - Salted,2023-06-12,4,71.58,Store,Cash,286.32,0.0,286.32
2023-04-07,Wine - Baron De Rothschild,2023-05-25,1,62.44,App,Visa,62.44,0.05,59.32
2023-05-12,Juice - Pineapple 341 Ml,2023-08-04,2,146.2,App,Visa,292.4,0.05,277.78
2023-05-04,Ice Cream Bar - Oreo Sandwich,2023-05-18,5,111.87,Store,Visa,559.35,0.11,497.82
2023-04-07,Beef - Roasted Cooked,2023-05-11,14,41.46,Store,Cash,580.44,0.07,539.81
2023-03-29,Dates,2023-06-06,1,191.02,Store,Cash,191.02,0.0,191.02
2023-04-19,Spice - Onion Powder Granulated,2023-07-18,6,43.22,Store,Cash,259.32,0.05,246.35
2023-04-11,Creme De Cacao White,2023-05-07,13,71.63,Store,Visa,931.19,0.06,875.32
2023-03-23,Oil - Olive,2023-05-30,7,11.72,Store,Cash,82.04,0.28,59.07
2023-03-29,Wine - White Concha Y Toro,2023-04-14,8,116.44,Store,Visa,931.52,0.1,838.37
2023-03-24,Wine - Bourgogne 2002 La,2023-05-03,2,164.81,Store,Cash,329.62,0.05,313.14
2023-04-17,Bread - Rye,2023-05-08,12,158.12,App,Visa,1897.44,0.12,1669.75
2023-03-24,Filter - Coffee,2023-04-19,10,103.78,App,Visa,1037.8,0.09,944.4
2023-05-12,Pasta - Lasagne Fresh,2023-06-30,16,179.14,Store,Cash,2866.24,0.1,2579.62
2023-05-07,Gherkin,2023-06-15,5,176.37,Store,Cash,881.85,0.0,881.85
2023-04-22,Swordfish Loin Portions,2023-05-08,11,14.82,Store,Cash,163.02,0.11,145.09
2023-05-02,Sausage - Chorizo,2023-07-31,15,38.38,App,Visa,575.7,0.1,518.13
2023-04-21,Sauce - Soy Low Sodium - 3.87l,2023-05-24,17,112.69,Store,Cash,1915.73,0.1,1724.16
2023-04-18,Hinge W Undercut,2023-05-07,15,116.7,Store,Visa,1750.5,0.08,1610.46
2023-04-15,Wine - Fino Tio Pepe Gonzalez,2023-07-08,11,121.46,App,Visa,1336.06,0.11,1189.09
2023-04-06,Container - Foam Dixie 12 Oz,2023-05-05,3,187.58,App,Visa,562.74,0.05,534.6
2023-04-10,Pastry - Baked Cinnamon Stick,2023-05-04,11,226.12,Store,Cash,2487.32,0.07,2313.21
2023-04-28,Appetizer - Crab And Brie,2023-07-16,10,87.97,Store,Cash,879.7,0.07,818.12
2023-05-07,Carbonated Water - White Grape,2023-05-28,14,241.26,Store,Cash,3377.64,0.08,3107.43
2023-03-25,Wine - Vineland Estate Semi - Dry,2023-06-14,3,211.55,App,Visa,634.65,0.05,602.92
2023-04-02,Tomatoes - Yellow Hot House,2023-04-27,1,247.74,Store,Visa,247.74,0.05,235.35
2023-04-27,Ice Cream - Turtles Stick Bar,2023-06-03,4,21.62,App,Visa,86.48,0.05,82.16
2023-05-01,Lobster - Canned Premium,2023-05-22,3,213.03,App,Visa,639.09,0.07,594.35
2023-03-26,Tomatoes - Heirloom,2023-05-28,7,36.84,Store,Visa,257.88,0.05,244.99
2023-05-03,Bread - Sour Batard,2023-05-12,4,233.47,Store,Cash,933.88,0.21,737.77
2023-04-27,Cheese - Briedanish,2023-05-31,17,138.49,Store,Cash,2354.33,0.1,2118.9
2023-05-10,Oil - Sunflower,2023-05-26,14,38.56,Store,Visa,539.84,0.11,480.46
2023-04-27,Milkettes - 2%,2023-07-11,17,166.49,Store,Cash,2830.33,0.1,2547.3
2023-03-25,Mushroom - Shitake Dry,2023-05-11,6,205.6,Store,Visa,1233.6,0.05,1171.92
2023-03-24,Langers - Ruby Red Grapfruit,2023-06-04,17,238.93,Store,Cash,4061.81,0.1,3655.63
2023-05-07,Coffee - Frthy Coffee Crisp,2023-05-20,14,227.66,Store,Cash,3187.24,0.12,2804.77
2023-03-30,Wine - Touraine Azay - Le - Rideau,2023-04-12,9,199.39,Store,Visa,1794.51,0.11,1597.11
2023-03-25,Nantucket - 518ml,2023-05-26,13,164.42,App,Visa,2137.46,0.11,1902.34
2023-04-23,Bar Mix - Lime,2023-06-01,10,86.94,Store,Cash,869.4,0.07,808.54
2023-04-02,Brandy Apricot,2023-06-27,5,94.28,Store,Cash,471.4,0.0,471.4
2023-05-09,Bread - English Muffin,2023-05-15,12,140.76,Store,Cash,1689.12,0.16,1418.86
2023-04-03,Chevril,2023-05-29,11,49.01,App,Visa,539.11,0.11,479.81
2023-04-28,Cocoa Feuilletine,2023-05-19,4,47.61,Store,Cash,190.44,0.09,173.3
2023-03-18,Spinach - Packaged,2023-04-10,2,227.38,Store,Cash,454.76,0.07,422.93
2023-05-11,Tea - Jasmin Green,2023-07-05,6,67.86,Store,Cash,407.16,0.05,386.8
2023-05-06,The Pop Shoppe - Root Beer,2023-07-07,4,235.13,Store,Cash,940.52,0.0,940.52
2023-03-27,Onions - Cippolini,2023-06-02,15,178.41,App,Visa,2676.15,0.1,2408.54
2023-03-21,Wine - Magnotta - Cab Franc,2023-05-14,17,177.36,Store,Cash,3015.12,0.08,2773.91
2023-03-25,Chicken - Tenderloin,2023-04-26,15,96.03,Store,Cash,1440.45,0.0,1440.45
2023-04-15,Scallops - 10/20,2023-07-10,4,34.29,Store,Cash,137.16,0.0,137.16
2023-03-20,Wine - Vovray Sec Domaine Huet,2023-05-12,3,156.18,Store,Cash,468.54,0.05,445.11
2023-04-05,Lime Cordial - Roses,2023-05-19,11,207.53,App,Visa,2282.83,0.11,2031.72
2023-05-10,Muffin Hinge 117n,2023-07-12,8,211.66,Store,Visa,1693.28,0.05,1608.62
2023-04-28,Beer - True North Lager,2023-05-15,17,189.56,Store,Cash,3222.52,0.12,2835.82
2023-03-19,Wine - Red Pinot Noir Chateau,2023-05-09,6,194.58,Store,Cash,1167.48,0.05,1109.11
2023-03-28,Tomato Puree,2023-06-05,17,85.62,Store,Cash,1455.54,0.1,1309.99
2023-04-17,Pork - Ham Virginia,2023-07-01,17,137.5,App,Visa,2337.5,0.15,1986.88
2023-04-03,Jerusalem Artichoke,2023-06-15,16,105.14,App,Visa,1682.24,0.15,1429.9
2023-04-20,Wine - Touraine Azay - Le - Rideau,2023-06-08,7,64.66,App,Visa,452.62,0.08,416.41
2023-04-20,Corn - Cream Canned,2023-06-14,7,39.27,Store,Cash,274.89,0.05,261.15
2023-03-15,Banana - Green,2023-05-13,1,125.19,App,Visa,125.19,0.05,118.93
2023-03-26,Wine - White Ej,2023-05-29,15,212.16,App,Visa,3182.4,0.1,2864.16
2023-04-14,Beer - Fruli,2023-06-27,13,246.13,App,Visa,3199.69,0.11,2847.72
2023-03-26,Wine - Casillero Del Diablo,2023-04-03,2,56.7,App,Visa,113.4,0.14,97.52
2023-03-13,Whmis Spray Bottle Graduated,2023-04-20,10,140.94,App,Visa,1409.4,0.09,1282.55
2023-04-02,Shrimp - 16 - 20 Cooked Peeled,2023-05-27,10,220.53,Store,Cash,2205.3,0.07,2050.93
2023-04-15,Water - Mineral Natural,2023-07-09,14,142.72,Store,Visa,1998.08,0.06,1878.2
2023-03-30,Versatainer Nc - 8288,2023-06-22,7,82.05,Store,Cash,574.35,0.05,545.63
2023-05-06,Wine - Tribal Sauvignon,2023-07-17,15,57.09,Store,Visa,856.35,0.05,813.53
2023-04-16,Beef - Diced,2023-05-17,12,210.3,Store,Cash,2523.6,0.07,2346.95
2023-05-06,Wine - Shiraz South Eastern,2023-07-31,16,172.34,Store,Cash,2757.44,0.08,2536.84
2023-04-07,Fruit Salad Deluxe,2023-06-11,14,141.24,App,Visa,1977.36,0.11,1759.85
2023-04-06,Pepper - Paprika Spanish,2023-05-28,7,72.15,App,Visa,505.05,0.08,464.65
2023-04-29,Squid - Breaded,2023-06-07,6,2.65,Store,Cash,15.9,0.05,15.11
2023-03-19,Beef - Kobe Striploin,2023-04-29,5,229.73,Store,Cash,1148.65,0.0,1148.65
2023-04-28,Salmon - Atlantic No Skin,2023-07-09,13,83.34,Store,Visa,1083.42,0.06,1018.41
2023-04-24,Juice - Cranberry 341 Ml,2023-07-09,6,31.89,App,Visa,191.34,0.08,176.03
2023-04-26,Skirt - 29 Foot,2023-07-02,7,6.35,App,Visa,44.45,0.08,40.89
2023-03-17,Lamb - Whole Frozen,2023-04-04,9,240.21,Store,Cash,2161.89,0.08,1988.94
2023-04-10,Cheese - Havarti Roasted Garlic,2023-05-15,3,239.62,App,Visa,718.86,0.08,661.35
2023-05-10,Cheese - Goat,2023-05-15,14,65.09,App,Visa,911.26,0.2,729.01
2023-03-27,Temperature Recording Station,2023-04-03,13,156.91,Store,Visa,2039.83,0.15,1733.86
2023-05-07,Blueberries - Frozen,2023-07-04,2,213.94,Store,Cash,427.88,0.0,427.88
2023-03-18,Shallots,2023-05-22,4,245.4,App,Visa,981.6,0.05,932.52
2023-05-05,Bar Mix - Lemon,2023-05-30,6,109.11,Store,Visa,654.66,0.05,621.93
2023-04-16,Vinegar - Balsamic White,2023-05-18,3,128.55,Store,Visa,385.65,0.05,366.37
2023-03-28,Pepper - Chipotle Canned,2023-05-05,9,163.06,Store,Visa,1467.54,0.05,1394.16
2023-04-22,Cheese - Marble,2023-05-12,3,40.72,Store,Cash,122.16,0.1,109.94
2023-04-02,Sauce - Ranch Dressing,2023-04-05,5,138.93,App,Visa,694.65,0.16,583.51
2023-03-17,Milk - Chocolate 250 Ml,2023-05-24,1,138.04,App,Visa,138.04,0.05,131.14
2023-04-11,Soup - Base Broth Chix,2023-04-13,9,226.77,Store,Cash,2040.93,0.17,1693.97
2023-03-13,Beef - Kindney Whole,2023-04-04,11,175.49,App,Visa,1930.39,0.11,1718.05
2023-05-07,Bread - White Sliced,2023-06-21,15,89.84,Store,Cash,1347.6,0.0,1347.6
2023-05-08,Wine - Pinot Noir Stoneleigh,2023-06-03,14,88.48,App,Visa,1238.72,0.11,1102.46
2023-03-19,Soup Campbells Split Pea And Ham,2023-03-24,16,220.6,Store,Cash,3529.6,0.18,2894.27
2023-04-19,Pike - Frozen Fillet,2023-07-17,3,246.97,Store,Cash,740.91,0.0,740.91
2023-05-04,Edible Flower - Mixed,2023-07-18,6,27.77,Store,Visa,166.62,0.05,158.29
2023-04-16,Bread - Corn Muffaleta Onion,2023-05-28,12,54.51,Store,Visa,654.12,0.06,614.87
2023-04-07,Ginger - Fresh,2023-04-20,11,129.22,App,Visa,1421.42,0.16,1193.99
2023-03-26,Doilies - 7 Paper,2023-06-19,10,118.43,App,Visa,1184.3,0.09,1077.71
2023-05-07,Onions - White,2023-07-25,9,41.21,Store,Cash,370.89,0.05,352.35
2023-04-12,Container - Hngd Cll Blk 7x7x3,2023-06-20,14,115.98,Store,Cash,1623.72,0.07,1510.06
2023-05-06,Oxtail - Cut,2023-07-19,15,53.93,Store,Cash,808.95,0.0,808.95
2023-03-17,Juice Peach Nectar,2023-03-27,15,236.75,Store,Visa,3551.25,0.13,3089.59
2023-04-01,Lamb Shoulder Boneless Nz,2023-04-24,2,44.85,Store,Cash,89.7,0.07,83.42
2023-04-02,Crab - Claws Snow 16 - 24,2023-05-08,6,53.38,App,Visa,320.28,0.08,294.66
2023-05-06,Muffin - Mix - Mango Sour Cherry,2023-05-21,1,120.46,Store,Cash,120.46,0.15,102.39
2023-04-16,Soup - French Can Pea,2023-05-06,14,105.55,Store,Visa,1477.7,0.09,1344.71
2023-04-06,Pepper - Gypsy Pepper,2023-06-18,10,124.43,App,Visa,1244.3,0.09,1132.31
2023-05-08,Wooden Mop Handle,2023-07-16,17,221.12,Store,Visa,3759.04,0.08,3458.32
2023-04-10,Chilli Paste Ginger Garlic,2023-07-05,2,25.07,Store,Cash,50.14,0.0,50.14
2023-03-24,Tomatoes - Roma,2023-05-11,14,65.78,App,Visa,920.92,0.11,819.62
2023-04-18,Dried Peach,2023-04-29,15,218.55,Store,Cash,3278.25,0.19,2655.38
2023-05-06,Lumpfish Black,2023-05-15,5,196.47,App,Visa,982.35,0.13,854.64
2023-05-01,Lettuce Romaine Chopped,2023-07-09,13,141.92,Store,Visa,1844.96,0.06,1734.26
2023-03-14,Danishes - Mini Raspberry,2023-05-06,12,163.31,Store,Cash,1959.72,0.07,1822.54
2023-04-15,Crush - Cream Soda,2023-05-15,1,174.23,App,Visa,174.23,0.05,165.52
2023-04-29,Cream - 35%,2023-05-11,10,105.23,Store,Cash,1052.3,0.13,915.5
2023-04-08,Sauerkraut,2023-05-14,14,164.65,App,Visa,2305.1,0.11,2051.54
2023-04-05,Cup Translucent 9 Oz,2023-04-20,15,173.74,App,Visa,2606.1,0.15,2215.19
2023-04-08,Cheese - Parmesan Grated,2023-05-29,5,204.0,Store,Visa,1020.0,0.08,938.4
2023-04-22,Pastry - Mini French Pastries,2023-05-23,5,128.64,App,Visa,643.2,0.05,611.04
2023-04-26,Cape Capensis - Fillet,2023-05-05,7,36.43,App,Visa,255.01,0.16,214.21
2023-04-21,Ocean Spray - Ruby Red,2023-06-28,7,82.37,Store,Cash,576.59,0.05,547.76
2023-04-23,Veal - Insides Grains,2023-07-04,9,194.02,Store,Cash,1746.18,0.05,1658.87
2023-04-03,Squid - Breaded,2023-04-25,2,131.02,Store,Cash,262.04,0.08,241.08
2023-04-01,Initation Crab Meat,2023-05-26,6,98.29,Store,Cash,589.74,0.05,560.25
2023-03-30,Pate - Liver,2023-05-31,17,92.53,App,Visa,1573.01,0.15,1337.06
2023-05-06,Pasta - Penne Rigate Dry,2023-05-16,16,221.46,Store,Cash,3543.36,0.15,3011.86
2023-04-07,Samosa - Veg,2023-06-19,13,233.69,Store,Cash,3037.97,0.07,2825.31
2023-03-15,Trueblue - Blueberry 12x473ml,2023-05-11,9,72.06,App,Visa,648.54,0.08,596.66
2023-04-17,Wine - German Riesling,2023-04-20,13,248.89,App,Visa,3235.57,0.21,2556.1
2023-04-07,Amarula Cream,2023-04-16,2,239.54,Store,Cash,479.08,0.21,378.47
2023-04-17,Pastrami,2023-05-17,3,35.53,Store,Cash,106.59,0.0,106.59
2023-04-10,Blue Curacao - Marie Brizard,2023-06-28,3,175.6,Store,Cash,526.8,0.0,526.8
2023-03-20,Straws - Cocktale,2023-03-26,10,3.89,Store,Visa,38.9,0.16,32.68
2023-04-12,Rabbit - Frozen,2023-04-22,13,149.54,App,Visa,1944.02,0.18,1594.1
2023-04-25,Wine - Domaine Boyar Royal,2023-05-20,5,144.9,Store,Visa,724.5,0.05,688.28
2023-03-24,Tomatoes - Roma,2023-04-30,5,192.52,App,Visa,962.6,0.05,914.47
2023-03-25,Pork - Loin Bone - In,2023-06-16,17,29.49,Store,Visa,501.33,0.08,461.22
2023-04-04,Beef - Ox Tongue Pickled,2023-04-09,15,203.57,Store,Cash,3053.55,0.25,2290.16
2023-03-14,Cup - Translucent 7 Oz Clear,2023-06-02,3,42.68,Store,Cash,128.04,0.0,128.04
2023-04-12,Canadian Emmenthal,2023-04-29,11,35.42,Store,Visa,389.62,0.1,350.66
2023-04-10,Propel Sport Drink,2023-07-09,10,221.83,Store,Cash,2218.3,0.07,2063.02
2023-04-26,Langers - Mango Nectar,2023-05-24,16,101.45,App,Visa,1623.2,0.15,1379.72
2023-04-07,Sour Puss Sour Apple,2023-05-24,1,236.57,App,Visa,236.57,0.05,224.74
2023-04-11,Pomello,2023-06-04,13,60.39,Store,Cash,785.07,0.07,730.12
2023-03-27,Cheese Cloth No 100,2023-05-25,17,186.2,App,Visa,3165.4,0.15,2690.59
2023-03-20,Bread Base - Italian,2023-06-01,9,238.44,App,Visa,2145.96,0.08,1974.28
2023-05-12,Soup - Campbells Lentil,2023-05-15,3,22.39,App,Visa,67.17,0.16,56.42
2023-03-13,Pepper - Black Crushed,2023-04-30,13,102.37,Store,Cash,1330.81,0.07,1237.65
2023-05-04,Salt - Seasoned,2023-05-08,6,24.64,Store,Cash,147.84,0.16,124.19
2023-03-30,Cheese - La Sauvagine,2023-05-17,10,205.46,Store,Cash,2054.6,0.09,1869.69
2023-04-10,Wine - Pinot Noir Latour,2023-05-03,1,120.14,Store,Cash,120.14,0.06,112.93
2023-03-14,Sprouts - Peppercress,2023-06-03,5,2.57,App,Visa,12.85,0.05,12.21
2023-03-26,Numi - Assorted Teas,2023-05-14,10,88.54,Store,Cash,885.4,0.07,823.42
2023-03-29,Sambuca Cream,2023-05-05,12,75.83,App,Visa,909.96,0.11,809.86
2023-05-08,Lemonade - Mandarin 591 Ml,2023-06-16,15,137.07,Store,Cash,2056.05,0.0,2056.05
2023-03-22,Melon - Watermelon Seedless,2023-06-19,10,41.32,Store,Cash,413.2,0.07,384.28
2023-04-24,Rice Paper,2023-05-15,12,59.57,App,Visa,714.84,0.12,629.06
2023-04-18,Fruit Salad Deluxe,2023-06-22,8,238.06,Store,Visa,1904.48,0.05,1809.26
2023-04-20,Mortadella,2023-06-11,6,230.36,App,Visa,1382.16,0.08,1271.59
2023-03-25,Sausage - Meat,2023-04-18,4,30.89,App,Visa,123.56,0.06,116.15
2023-05-01,Wine - Fino Tio Pepe Gonzalez,2023-06-01,9,131.13,App,Visa,1180.17,0.08,1085.76
2023-03-18,Cheese - St. Andre,2023-06-16,7,167.82,App,Visa,1174.74,0.1,1057.27
2023-03-17,Oil - Coconut,2023-05-02,17,121.19,Store,Visa,2060.23,0.08,1895.41
2023-04-08,Soup - Campbells Broccoli,2023-06-22,1,144.03,Store,Visa,144.03,0.05,136.83
2023-04-19,Cranberries - Dry,2023-07-09,3,139.58,Store,Visa,418.74,0.05,397.8
2023-05-11,Ezy Change Mophandle,2023-06-09,8,129.63,Store,Cash,1037.04,0.03,1005.93
2023-05-04,Gherkin,2023-07-08,8,37.53,App,Visa,300.24,0.08,276.22
2023-04-17,Carbonated Water - Raspberry,2023-04-24,12,87.07,Store,Cash,1044.84,0.15,888.11
2023-04-13,Cornstarch,2023-05-14,8,245.26,Store,Cash,1962.08,0.05,1863.98
2023-04-19,Iced Tea Concentrate,2023-06-12,6,163.04,App,Visa,978.24,0.08,899.98
2023-04-18,Pasta - Rotini Colour Dry,2023-04-24,4,20.13,Store,Cash,80.52,0.24,61.2
2023-04-14,Sour Puss Raspberry,2023-06-07,8,38.32,App,Visa,306.56,0.08,282.04
2023-04-24,Bread Country Roll,2023-05-19,2,75.17,Store,Cash,150.34,0.05,142.82
2023-03-16,Apple - Fuji,2023-05-21,15,16.35,App,Visa,245.25,0.1,220.73
2023-04-27,Soup - Boston Clam Chowder,2023-06-07,6,148.72,Store,Cash,892.32,0.05,847.7
2023-04-14,Trout - Smoked,2023-07-08,4,143.96,Store,Cash,575.84,0.0,575.84
2023-04-09,Beer - Camerons Cream Ale,2023-05-21,10,57.34,App,Visa,573.4,0.09,521.79
2023-04-25,Juice - Orange 341 Ml,2023-06-14,17,178.63,Store,Cash,3036.71,0.1,2733.04
2023-04-09,Pike - Frozen Fillet,2023-06-22,2,119.96,Store,Cash,239.92,0.0,239.92
2023-05-02,Crab - Imitation Flakes,2023-05-05,1,206.65,Store,Cash,206.65,0.27,150.85
2023-03-19,Bag Clear 10 Lb,2023-04-08,13,41.04,Store,Cash,533.52,0.09,485.5
2023-05-10,Wine - Mas Chicet Rose Vintage,2023-07-15,10,102.28,Store,Cash,1022.8,0.06,961.43
2023-05-04,Yoghurt Tubes,2023-06-10,17,150.47,App,Visa,2557.99,0.15,2174.29
2023-03-17,Milk - Skim,2023-04-19,13,75.7,Store,Cash,984.1,0.07,915.21
2023-05-03,Toothpick Frilled,2023-05-06,2,249.77,App,Visa,499.54,0.16,419.61
2023-04-06,Table Cloth 120 Round White,2023-06-07,5,126.5,Store,Cash,632.5,0.0,632.5
2023-04-09,Vinegar - Balsamic,2023-07-08,14,218.9,App,Visa,3064.6,0.11,2727.49
2023-03-24,Canadian Emmenthal,2023-05-10,15,226.6,Store,Visa,3399.0,0.05,3229.05
2023-03-16,Cookies - Oreo 4 Pack,2023-05-26,2,167.88,Store,Cash,335.76,0.0,335.76
2023-05-10,Wine - Red Cooking,2023-06-08,12,117.64,Store,Cash,1411.68,0.06,1326.98
2023-04-09,Appetizer - Asian Shrimp Roll,2023-06-16,12,16.79,App,Visa,201.48,0.11,179.32
2023-03-30,Rum - Cream Amarula,2023-06-13,1,134.62,Store,Visa,134.62,0.05,127.89
2023-03-15,Lettuce - Frisee,2023-03-21,9,55.73,Store,Cash,501.57,0.15,426.33
2023-04-20,Broom And Broom Rack White,2023-07-19,6,104.25,Store,Cash,625.5,0.05,594.23
2023-03-14,Squash - Acorn,2023-06-05,11,128.64,Store,Cash,1415.04,0.07,1315.99
2023-04-25,Water - Spring Water 355 Ml,2023-07-16,14,221.91,Store,Cash,3106.74,0.07,2889.27
2023-04-02,Beans - Black Bean Dry,2023-05-19,17,27.22,Store,Cash,462.74,0.1,416.47
2023-04-26,Gatorade - Orange,2023-06-09,16,89.79,Store,Cash,1436.64,0.1,1292.98
2023-04-13,Beer - Labatt Blue,2023-05-13,6,39.62,Store,Cash,237.72,0.05,225.83
2023-05-08,Soup - Campbells Beef Strogonoff,2023-07-19,9,198.75,Store,Visa,1788.75,0.05,1699.31
2023-04-21,Pears - Fiorelle,2023-05-08,12,214.24,Store,Cash,2570.88,0.1,2313.79
2023-05-03,Pumpkin - Seed,2023-05-20,12,207.73,Store,Cash,2492.76,0.1,2243.48
2023-04-27,Cookie Dough - Peanut Butter,2023-05-20,13,209.91,App,Visa,2728.83,0.11,2428.66
2023-04-03,Cheese - Le Cheve Noir,2023-06-01,15,30.15,App,Visa,452.25,0.13,393.46
2023-03-17,Seaweed Green Sheets,2023-06-07,5,92.83,Store,Visa,464.15,0.05,440.94
2023-05-01,Truffle Paste,2023-05-16,13,56.91,App,Visa,739.83,0.15,628.86
2023-04-24,Mcguinness - Blue Curacao,2023-06-08,17,101.32,Store,Visa,1722.44,0.08,1584.64
2023-03-21,Sugar - White Packet,2023-06-18,7,74.82,Store,Cash,523.74,0.05,497.55
2023-03-20,Mushroom - Porcini Frozen,2023-04-15,1,168.44,Store,Cash,168.44,0.04,161.7
2023-04-09,Bread - Multigrain Loaf,2023-06-17,1,26.95,Store,Cash,26.95,0.0,26.95
2023-04-11,Wine - Magnotta White,2023-05-25,9,165.52,App,Visa,1489.68,0.08,1370.51
2023-05-04,Southern Comfort,2023-05-19,12,209.5,Store,Cash,2514.0,0.11,2237.46
2023-04-02,Bread Base - Italian,2023-04-30,12,215.82,Store,Cash,2589.84,0.05,2460.35
2023-03-19,Wine - Ruffino Chianti,2023-04-23,12,249.0,Store,Cash,2988.0,0.06,2808.72
2023-03-21,Rice - 7 Grain Blend,2023-05-25,3,92.48,Store,Visa,277.44,0.05,263.57
2023-05-09,Split Peas - Yellow Dry,2023-06-24,5,45.82,Store,Cash,229.1,0.0,229.1
2023-04-27,Oil - Olive Bertolli,2023-07-10,8,27.11,Store,Visa,216.88,0.05,206.04
2023-03-26,Lamb - Whole Head Off,2023-04-01,16,43.78,Store,Cash,700.48,0.17,581.4
2023-03-29,Basil - Dry Rubbed,2023-06-22,14,62.45,Store,Cash,874.3,0.07,813.1
2023-05-01,Kiwi Gold Zespri,2023-07-01,4,8.94,Store,Cash,35.76,0.0,35.76
2023-04-08,Cheese - Marble,2023-04-30,1,123.76,App,Visa,123.76,0.09,112.62
2023-03-21,Maple Syrup,2023-05-21,10,94.95,Store,Visa,949.5,0.06,892.53
2023-04-21,Mushroom - Shitake Fresh,2023-07-09,8,142.17,Store,Cash,1137.36,0.05,1080.49
2023-04-27,Wine - Tio Pepe Sherry Fino,2023-06-06,8,200.62,Store,Cash,1604.96,0.05,1524.71
2023-03-19,Bread - Italian Roll With Herbs,2023-04-14,4,89.82,Store,Cash,359.28,0.04,344.91
2023-03-16,Sausage - Meat,2023-05-28,3,78.98,App,Visa,236.94,0.05,225.09
2023-03-21,Cheese - Stilton,2023-04-14,10,151.5,Store,Cash,1515.0,0.09,1378.65
2023-03-19,Coconut - Whole,2023-04-28,5,82.22,Store,Visa,411.1,0.05,390.55
2023-05-01,Sauce Bbq Smokey,2023-05-04,8,214.28,Store,Cash,1714.24,0.16,1439.96
2023-03-21,Soup - Campbells Beef Noodle,2023-04-13,4,37.25,Store,Cash,149.0,0.07,138.57
2023-03-30,Pop - Club Soda Can,2023-05-22,7,44.56,Store,Cash,311.92,0.05,296.32
2023-05-05,Vinegar - Balsamic,2023-06-22,3,69.39,Store,Visa,208.17,0.05,197.76
2023-05-01,Soup - Verve - Chipotle Chicken,2023-05-27,12,110.59,Store,Cash,1327.08,0.06,1247.46
2023-05-01,Wasabi Powder,2023-07-15,1,150.94,Store,Visa,150.94,0.05,143.39
2023-04-20,Beans - Turtle Black Dry,2023-06-18,16,30.29,Store,Cash,484.64,0.1,436.18
2023-04-25,Pastry - Mini French Pastries,2023-07-04,1,224.65,Store,Cash,224.65,0.0,224.65
2023-04-22,Muffin Mix - Oatmeal,2023-05-22,4,149.11,Store,Cash,596.44,0.0,596.44
2023-04-02,Pasta - Cheese / Spinach Bauletti,2023-06-09,10,8.58,App,Visa,85.8,0.1,77.22
2023-04-24,7up Diet 355 Ml,2023-05-17,6,9.96,Store,Cash,59.76,0.06,56.17
2023-05-06,Soup Campbells Turkey Veg.,2023-06-23,5,59.82,Store,Cash,299.1,0.0,299.1
2023-03-23,Muffin - Zero Transfat,2023-04-20,11,66.71,App,Visa,733.81,0.33,491.65
2023-04-27,Rum - White Gg White,2023-07-06,17,230.88,Store,Cash,3924.96,0.1,3532.46
2023-04-02,Arizona - Green Tea,2023-06-05,16,229.55,Store,Visa,3672.8,0.08,3378.98
2023-04-05,Tart Shells - Sweet 4,2023-05-06,3,67.73,Store,Cash,203.19,0.0,203.19
2023-05-02,Bread - Malt,2023-05-15,14,144.88,Store,Cash,2028.32,0.12,1784.92
2023-04-03,Milk - Buttermilk,2023-04-27,4,166.99,Store,Cash,667.96,0.06,627.88
2023-04-03,Brandy - Orange Mc Guiness,2023-05-03,7,130.18,App,Visa,911.26,0.08,838.36
2023-04-11,Wheat - Soft Kernal Of Wheat,2023-06-04,5,124.96,Store,Cash,624.8,0.0,624.8
2023-04-04,Snails - Large Canned,2023-04-25,14,24.1,App,Visa,337.4,0.12,296.91
2023-04-11,Garbag Bags - Black,2023-05-20,12,77.24,Store,Visa,926.88,0.06,871.27
2023-03-29,Persimmons,2023-05-09,5,136.79,App,Visa,683.95,0.05,649.75
2023-03-14,Salmon Atl.whole 8 - 10 Lb,2023-04-20,8,156.61,App,Visa,1252.88,0.08,1152.65
2023-03-30,Soup - Campbells Mushroom,2023-04-27,7,109.53,App,Visa,766.71,0.08,705.37
2023-04-29,Soup - Campbells Cream Of,2023-05-21,4,112.28,Store,Cash,449.12,0.08,413.19
2023-04-10,Stainless Steel Cleaner Vision,2023-07-08,16,189.18,Store,Cash,3026.88,0.1,2724.19
2023-05-01,Juice - Ocean Spray Cranberry,2023-05-27,7,166.35,Store,Cash,1164.45,0.05,1106.23
2023-03-31,Beets,2023-04-29,16,147.22,App,Visa,2355.52,0.15,2002.19
2023-04-04,Fish - Base Bouillion,2023-05-10,4,118.02,App,Visa,472.08,0.05,448.48
2023-03-26,Bread - Crumbs Bulk,2023-06-02,13,43.03,App,Visa,559.39,0.11,497.86
2023-03-16,Sauce Bbq Smokey,2023-03-21,12,10.45,Store,Visa,125.4,0.16,105.34
2023-03-17,Basil - Pesto Sauce,2023-05-09,2,68.81,App,Visa,137.62,0.05,130.74
2023-04-17,Macaroons - Two Bite Choc,2023-04-19,4,16.93,App,Visa,67.72,0.17,56.21
2023-04-22,Plaintain,2023-07-07,11,238.69,Store,Visa,2625.59,0.06,2468.05
2023-04-04,Cookies Almond Hazelnut,2023-06-12,5,38.24,Store,Visa,191.2,0.05,181.64
2023-04-27,Pear - Asian,2023-07-20,14,243.82,App,Visa,3413.48,0.11,3038.0
2023-04-23,Long Island Ice Tea,2023-04-30,3,104.64,Store,Visa,313.92,0.14,269.97
2023-03-14,Cheese - St. Paulin,2023-05-22,5,8.91,Store,Cash,44.55,0.1,40.1
2023-04-10,Plate Pie Foil,2023-05-13,13,214.06,Store,Visa,2782.78,0.06,2615.81
2023-03-22,Scallops - 20/30,2023-05-24,14,202.69,Store,Cash,2837.66,0.07,2639.02
2023-04-16,Lettuce - Spring Mix,2023-06-24,15,156.02,Store,Visa,2340.3,0.05,2223.29
2023-03-27,Rosemary - Dry,2023-04-06,11,108.69,App,Visa,1195.59,0.18,980.38
2023-04-13,Chicken Breast Halal,2023-04-28,1,178.75,Store,Cash,178.75,0.15,151.94
2023-04-01,Nescafe - Frothy French Vanilla,2023-05-05,12,39.98,Store,Cash,479.76,0.07,446.18
2023-03-18,Bread - Raisin Walnut Oval,2023-03-30,5,137.17,Store,Cash,685.85,0.18,562.4
2023-04-13,Kahlua,2023-04-24,7,46.35,App,Visa,324.45,0.15,275.78
2023-04-07,Bread - Roll Soft White Round,2023-04-09,7,196.49,Store,Cash,1375.43,0.17,1141.61
2023-04-14,7up Diet 355 Ml,2023-06-20,15,123.85,Store,Cash,1857.75,0.0,1857.75
2023-03-21,Chinese Foods - Plain Fried Rice,2023-03-30,16,227.83,Store,Cash,3645.28,0.16,3062.04
2023-04-10,Chicken - Whole,2023-06-20,15,2.58,Store,Cash,38.7,0.0,38.7
2023-04-17,Goldschalger,2023-06-08,1,210.04,Store,Cash,210.04,0.0,210.04
2023-04-11,External Supplier,2023-05-31,5,142.72,Store,Cash,713.6,0.0,713.6
2023-04-02,Wine - Coteaux Du Tricastin Ac,2023-06-04,14,150.4,App,Visa,2105.6,0.11,1873.98
2023-03-19,Vol Au Vents,2023-05-26,1,182.95,Store,Cash,182.95,0.0,182.95
2023-04-30,Mushrooms - Honey,2023-05-18,15,129.55,Store,Cash,1943.25,0.12,1710.06
2023-05-08,Tomatoes Tear Drop Yellow,2023-07-15,12,157.22,Store,Visa,1886.64,0.06,1773.44
2023-04-24,Nut - Pecan Halves,2023-06-18,14,153.77,Store,Cash,2152.78,0.07,2002.09
2023-03-25,Yoplait Drink,2023-04-15,4,104.59,App,Visa,418.36,0.07,389.07
2023-04-01,Wine - Magnotta - Cab Franc,2023-06-16,1,130.59,App,Visa,130.59,0.05,124.06
2023-04-18,Goat - Whole Cut,2023-05-03,1,151.8,Store,Cash,151.8,0.15,129.03
2023-04-01,Oil - Pumpkinseed,2023-06-09,1,237.3,Store,Cash,237.3,0.0,237.3
2023-04-13,Cookie Trail Mix,2023-05-19,14,172.88,Store,Cash,2420.32,0.07,2250.9
2023-04-25,Veal - Bones,2023-05-20,5,138.77,App,Visa,693.85,0.05,659.16
2023-05-01,Goulash Seasoning,2023-06-15,15,164.89,App,Visa,2473.35,0.1,2226.02
2023-04-27,Buffalo - Striploin,2023-07-24,2,101.45,Store,Visa,202.9,0.05,192.76
2023-04-29,Juice - Lagoon Mango,2023-06-30,13,234.01,Store,Cash,3042.13,0.07,2829.18
2023-03-30,Milk - Chocolate 250 Ml,2023-04-05,12,133.88,App,Visa,1606.56,0.2,1285.25
2023-05-10,Flower - Leather Leaf Fern,2023-07-19,10,245.38,Store,Visa,2453.8,0.06,2306.57
2023-04-04,Fish - Soup Base Bouillon,2023-04-28,9,95.57,App,Visa,860.13,0.08,791.32
2023-05-12,Silicone Paper 16.5x24,2023-07-08,11,145.99,App,Visa,1605.89,0.11,1429.24
2023-05-12,Red Currants,2023-07-11,17,208.22,Store,Visa,3539.74,0.08,3256.56
2023-05-01,Lamb - Shanks,2023-05-14,14,205.98,App,Visa,2883.72,0.16,2422.32
2023-03-17,Coriander - Seed,2023-04-16,15,60.88,Store,Visa,913.2,0.05,867.54
2023-03-24,Pepper - Sorrano,2023-05-28,7,198.13,Store,Cash,1386.91,0.05,1317.56
2023-03-30,Ecolab - Hobart Upr Prewash Arm,2023-05-22,16,11.52,Store,Cash,184.32,0.1,165.89
2023-04-17,Oil - Coconut,2023-06-11,13,227.47,Store,Cash,2957.11,0.07,2750.11
2023-04-14,Juice - Orange 1.89l,2023-04-17,16,246.62,Store,Visa,3945.92,0.19,3196.2
2023-04-03,Fennel - Seeds,2023-04-12,10,25.65,Store,Cash,256.5,0.14,220.59
2023-03-22,Lotus Rootlets - Canned,2023-05-15,17,11.33,Store,Cash,192.61,0.1,173.35
2023-03-21,Chocolate - Chips Compound,2023-05-13,9,2.21,Store,Visa,19.89,0.05,18.9
2023-05-08,Bagel - Everything,2023-07-14,14,14.0,Store,Cash,196.0,0.07,182.28
2023-03-23,Beef - Sushi Flat Iron Steak,2023-05-08,3,165.0,Store,Visa,495.0,0.28,356.4
2023-04-08,Cheese - Colby,2023-05-20,2,178.87,App,Visa,357.74,0.08,329.12
2023-03-27,Bagel - Sesame Seed Presliced,2023-04-23,14,56.25,Store,Cash,787.5,0.05,748.13
2023-04-03,Tomatoes - Cherry,2023-04-16,15,149.69,App,Visa,2245.35,0.16,1886.09
2023-03-26,Pastry - Banana Muffin - Mini,2023-05-19,4,113.46,Store,Visa,453.84,0.05,431.15
2023-03-23,Cheese - Cream Cheese,2023-06-10,9,76.68,Store,Cash,690.12,0.3,483.08
2023-04-18,Pork Casing,2023-06-29,2,18.75,App,Visa,37.5,0.05,35.63
2023-04-05,Wine - Puligny Montrachet A.,2023-06-08,2,99.6,App,Visa,199.2,0.05,189.24
2023-04-29,Soup - Clam Chowder Dry Mix,2023-05-14,17,93.42,App,Visa,1588.14,0.18,1302.27
2023-03-20,Pork - Smoked Kassler,2023-05-28,15,3.52,Store,Cash,52.8,0.0,52.8
2023-04-23,Cardamon Ground,2023-07-09,3,117.79,App,Visa,353.37,0.05,335.7
2023-05-12,Island Oasis - Lemonade,2023-05-16,7,30.26,App,Visa,211.82,0.18,173.69
2023-04-21,Coffee Beans - Chocolate,2023-04-26,9,19.46,App,Visa,175.14,0.18,143.61
2023-03-21,Glucose,2023-06-04,11,60.92,App,Visa,670.12,0.11,596.41
2023-04-20,Beef - Tongue Cooked,2023-05-13,15,13.78,Store,Visa,206.7,0.06,194.3
2023-03-25,Table Cloth 62x120 Colour,2023-05-15,17,26.57,App,Visa,451.69,0.15,383.94
2023-03-31,Gatorade - Orange,2023-05-15,4,154.15,Store,Cash,616.6,0.0,616.6
2023-05-07,Pasta - Lasagna Dry,2023-07-31,7,80.81,Store,Cash,565.67,0.05,537.39
2023-04-19,Soup - Cream Of Broccoli,2023-05-03,15,162.26,Store,Visa,2433.9,0.11,2166.17
2023-04-06,Sambuca - Ramazzotti,2023-07-05,11,191.82,App,Visa,2110.02,0.11,1877.92
2023-04-28,Wine - Kwv Chenin Blanc South,2023-06-16,10,8.87,App,Visa,88.7,0.09,80.72
2023-04-06,Wine - Manischewitz Concord,2023-04-16,1,5.39,App,Visa,5.39,0.13,4.69
2023-05-02,Cookie Dough - Double,2023-06-18,11,169.19,Store,Cash,1861.09,0.07,1730.81
2023-05-03,Beef - Bresaola,2023-05-09,6,91.29,App,Visa,547.74,0.17,454.62
2023-04-13,Smoked Paprika,2023-06-22,1,202.23,App,Visa,202.23,0.05,192.12
2023-04-22,Puree - Blackcurrant,2023-07-07,15,10.48,Store,Cash,157.2,0.0,157.2
2023-05-03,Pepper - Chillies Crushed,2023-06-19,17,72.58,App,Visa,1233.86,0.15,1048.78
2023-04-22,Tea - English Breakfast,2023-06-21,16,6.63,Store,Visa,106.08,0.08,97.59
2023-04-23,Mustard - Individual Pkg,2023-07-04,7,198.68,App,Visa,1390.76,0.08,1279.5
2023-04-01,Cheese - Goat,2023-05-25,5,213.05,Store,Cash,1065.25,0.1,958.73
2023-04-25,Swiss Chard,2023-05-25,1,242.97,Store,Cash,242.97,0.0,242.97
2023-03-26,Juice - Apple 284ml,2023-04-22,17,30.02,Store,Cash,510.34,0.07,474.62
2023-04-08,Dip - Tapenade,2023-05-15,15,188.33,App,Visa,2824.95,0.1,2542.46
2023-04-18,Horseradish - Prepared,2023-05-06,6,164.86,App,Visa,989.16,0.11,880.35
2023-04-27,Bar Mix - Pina Colada 355 Ml,2023-07-12,15,86.4,App,Visa,1296.0,0.1,1166.4
2023-03-22,Wine - White Riesling Semi - Dry,2023-06-08,1,102.32,App,Visa,102.32,0.05,97.2
2023-03-25,Chicken - Leg / Back Attach,2023-06-20,7,38.09,Store,Visa,266.63,0.05,253.3
2023-05-07,Radish - Pickled,2023-06-01,16,243.4,Store,Visa,3894.4,0.08,3582.85
2023-03-23,Mushroom - Chantrelle Fresh,2023-04-06,5,19.92,App,Visa,99.6,0.33,66.73
2023-04-11,Chicken - White Meat With Tender,2023-07-01,9,69.71,App,Visa,627.39,0.08,577.2
2023-04-21,Shrimp - Black Tiger 13/15,2023-07-10,17,101.43,Store,Cash,1724.31,0.1,1551.88
2023-04-14,Food Colouring - Pink,2023-05-27,4,91.88,Store,Cash,367.52,0.0,367.52
2023-04-27,Chicken - Breast 5 - 7 Oz,2023-06-15,15,192.27,Store,Cash,2884.05,0.0,2884.05
2023-03-24,Blueberries,2023-05-27,3,16.26,Store,Cash,48.78,0.0,48.78
2023-04-25,Wine - Charddonnay Errazuriz,2023-05-27,12,109.45,App,Visa,1313.4,0.11,1168.93
2023-04-24,Veal - Round Eye Of,2023-06-18,17,206.63,App,Visa,3512.71,0.15,2985.8
2023-04-27,Veal - Leg,2023-07-02,3,152.74,App,Visa,458.22,0.05,435.31
2023-03-31,Gin - Gilbeys London Dry,2023-05-09,4,234.71,Store,Visa,938.84,0.05,891.9
2023-04-14,Creme De Banane - Marie,2023-06-04,1,9.05,App,Visa,9.05,0.05,8.6
